home_team,away_team,rolling_chances_home,rolling_chances_away,rolling_xg_home,rolling_xg_away,rolling_shots_home,rolling_shots_away,rolling_shots on target_home,rolling_shots on target_away,rolling_deep_home,rolling_deep_away,rolling_ppda_home,rolling_ppda_away,rolling_xpts_home,rolling_xpts_away,result
13,8,52.979398148148164,46.86277777777777,1.7180777777777791,1.520664351851852,13.745231481481472,12.208750000000007,4.859814814814813,4.290046296296293,7.786898148148143,6.755694444444446,11.85979629629631,12.886800462962965,1.520168518518517,1.2734527777777787,2
9,11,52.979398148148164,46.86277777777777,1.7180777777777791,1.520664351851852,13.745231481481472,12.208750000000007,4.859814814814813,4.290046296296293,7.786898148148143,6.755694444444446,11.85979629629631,12.886800462962965,1.520168518518517,1.2734527777777787,0
0,19,52.979398148148164,46.86277777777777,1.7180777777777791,1.520664351851852,13.745231481481472,12.208750000000007,4.859814814814813,4.290046296296293,7.786898148148143,6.755694444444446,11.85979629629631,12.886800462962965,1.520168518518517,1.2734527777777787,2
7,4,52.979398148148164,46.86277777777777,1.7180777777777791,1.520664351851852,13.745231481481472,12.208750000000007,4.859814814814813,4.290046296296293,7.786898148148143,6.755694444444446,11.85979629629631,12.886800462962965,1.520168518518517,1.2734527777777787,0
14,16,52.979398148148164,46.86277777777777,1.7180777777777791,1.520664351851852,13.745231481481472,12.208750000000007,4.859814814814813,4.290046296296293,7.786898148148143,6.755694444444446,11.85979629629631,12.886800462962965,1.520168518518517,1.2734527777777787,2
15,2,52.979398148148164,46.86277777777777,1.7180777777777791,1.520664351851852,13.745231481481472,12.208750000000007,4.859814814814813,4.290046296296293,7.786898148148143,6.755694444444446,11.85979629629631,12.886800462962965,1.520168518518517,1.2734527777777787,1
18,1,52.979398148148164,46.86277777777777,1.7180777777777791,1.520664351851852,13.745231481481472,12.208750000000007,4.859814814814813,4.290046296296293,7.786898148148143,6.755694444444446,11.85979629629631,12.886800462962965,1.520168518518517,1.2734527777777787,0
3,6,52.979398148148164,46.86277777777777,1.7180777777777791,1.520664351851852,13.745231481481472,12.208750000000007,4.859814814814813,4.290046296296293,7.786898148148143,6.755694444444446,11.85979629629631,12.886800462962965,1.520168518518517,1.2734527777777787,2
5,12,52.979398148148164,46.86277777777777,1.7180777777777791,1.520664351851852,13.745231481481472,12.208750000000007,4.859814814814813,4.290046296296293,7.786898148148143,6.755694444444446,11.85979629629631,12.886800462962965,1.520168518518517,1.2734527777777787,0
10,17,52.979398148148164,46.86277777777777,1.7180777777777791,1.520664351851852,13.745231481481472,12.208750000000007,4.859814814814813,4.290046296296293,7.786898148148143,6.755694444444446,11.85979629629631,12.886800462962965,1.520168518518517,1.2734527777777787,1
4,13,52.979398148148164,46.86277777777777,1.7180777777777791,1.520664351851852,13.745231481481472,12.208750000000007,4.859814814814813,4.290046296296293,7.786898148148143,6.755694444444446,11.85979629629631,12.886800462962965,1.520168518518517,1.2734527777777787,2
6,18,52.979398148148164,46.86277777777777,1.7180777777777791,1.520664351851852,13.745231481481472,12.208750000000007,4.859814814814813,4.290046296296293,7.786898148148143,6.755694444444446,11.85979629629631,12.886800462962965,1.520168518518517,1.2734527777777787,0
8,10,52.979398148148164,46.86277777777777,1.7180777777777791,1.520664351851852,13.745231481481472,12.208750000000007,4.859814814814813,4.290046296296293,7.786898148148143,6.755694444444446,11.85979629629631,12.886800462962965,1.520168518518517,1.2734527777777787,2
12,9,52.979398148148164,46.86277777777777,1.7180777777777791,1.520664351851852,13.745231481481472,12.208750000000007,4.859814814814813,4.290046296296293,7.786898148148143,6.755694444444446,11.85979629629631,12.886800462962965,1.520168518518517,1.2734527777777787,2
16,15,52.979398148148164,46.86277777777777,1.7180777777777791,1.520664351851852,13.745231481481472,12.208750000000007,4.859814814814813,4.290046296296293,7.786898148148143,6.755694444444446,11.85979629629631,12.886800462962965,1.520168518518517,1.2734527777777787,0
17,7,52.979398148148164,46.86277777777777,1.7180777777777791,1.520664351851852,13.745231481481472,12.208750000000007,4.859814814814813,4.290046296296293,7.786898148148143,6.755694444444446,11.85979629629631,12.886800462962965,1.520168518518517,1.2734527777777787,2
1,0,52.979398148148164,46.86277777777777,1.7180777777777791,1.520664351851852,13.745231481481472,12.208750000000007,4.859814814814813,4.290046296296293,7.786898148148143,6.755694444444446,11.85979629629631,12.886800462962965,1.520168518518517,1.2734527777777787,0
19,5,52.979398148148164,46.86277777777777,1.7180777777777791,1.520664351851852,13.745231481481472,12.208750000000007,4.859814814814813,4.290046296296293,7.786898148148143,6.755694444444446,11.85979629629631,12.886800462962965,1.520168518518517,1.2734527777777787,0
2,14,52.979398148148164,46.86277777777777,1.7180777777777791,1.520664351851852,13.745231481481472,12.208750000000007,4.859814814814813,4.290046296296293,7.786898148148143,6.755694444444446,11.85979629629631,12.886800462962965,1.520168518518517,1.2734527777777787,1
11,3,52.979398148148164,46.86277777777777,1.7180777777777791,1.520664351851852,13.745231481481472,12.208750000000007,4.859814814814813,4.290046296296293,7.786898148148143,6.755694444444446,11.85979629629631,12.886800462962965,1.520168518518517,1.2734527777777787,2
0,4,65.0,79.0,1.63,1.79,18.0,10.0,6.0,5.0,14.0,5.0,7.77,7.92,2.19,2.53,1
3,16,42.0,80.0,1.38,1.95,9.0,19.0,5.0,5.0,1.0,13.0,12.67,3.79,1.59,2.56,2
7,2,52.0,55.0,0.41,1.91,9.0,13.0,1.0,4.0,4.0,4.0,18.33,9.95,0.31,1.89,0
9,8,52.0,44.0,0.34,0.42,7.0,10.0,2.0,2.0,2.0,3.0,18.78,10.83,0.03,0.28,1
10,1,25.0,36.0,1.03,2.67,7.0,15.0,3.0,3.0,2.0,8.0,20.69,11.3,1.06,1.3,0
15,19,20.0,44.0,1.24,0.58,14.0,9.0,8.0,3.0,10.0,2.0,8.65,10.82,0.85,0.58,1
18,12,41.0,37.0,2.8,1.18,14.0,11.0,3.0,5.0,5.0,10.0,9.33,15.06,1.47,1.44,0
14,17,52.0,45.0,0.43,1.41,3.0,15.0,1.0,7.0,4.0,21.0,16.25,5.48,0.28,1.65,2
5,6,30.0,26.0,1.06,1.15,10.0,14.0,3.0,6.0,8.0,4.0,10.06,7.72,1.24,1.1,1
13,11,81.0,98.0,2.04,3.93,14.0,19.0,5.0,5.0,7.0,13.0,7.38,8.74,2.57,2.96,0
16,13,52.0,16.0,0.21,1.29,5.0,11.0,1.0,4.0,4.0,8.0,8.14,16.78,0.07,0.72,0
4,9,60.0,44.0,2.14,0.48,14.0,1.0,5.0,1.0,10.0,1.0,12.5,17.41,2.04,0.07,1
8,18,66.0,40.0,1.96,1.53,18.0,18.0,6.0,3.0,7.0,5.0,10.26,13.73,2.19,1.47,1
11,15,89.0,94.0,2.72,2.86,19.0,23.0,8.0,8.0,21.0,9.0,10.13,18.48,2.76,2.88,0
6,10,33.0,44.0,1.38,0.86,14.0,10.0,2.0,4.0,6.0,1.0,6.91,13.7,1.26,0.59,1
12,3,94.0,44.0,3.08,0.46,14.0,8.0,5.0,2.0,15.0,2.0,8.15,32.4,2.88,0.15,2
1,7,31.0,44.0,1.32,0.65,11.0,10.0,3.0,1.0,3.0,5.0,17.28,12.72,1.24,0.26,2
2,5,54.0,29.0,2.54,2.03,16.0,14.0,4.0,8.0,8.0,6.0,9.2,7.04,1.85,1.09,0
17,0,84.0,39.0,2.61,1.41,13.0,9.0,7.0,4.0,9.0,10.0,6.3,5.83,2.63,1.46,0
19,14,49.0,23.0,2.42,1.89,12.0,14.0,4.0,5.0,8.0,9.0,14.43,9.07,1.69,0.91,0
18,5,46.5,23.5,1.875,1.48,12.0,12.0,2.5,5.5,5.0,7.5,15.045000000000002,8.27,0.86,0.96,0
16,9,52.0,44.0,0.785,0.6,5.5,3.5,2.5,1.0,3.5,1.0,9.5,16.07,0.20500000000000002,0.29500000000000004,1
10,7,38.5,44.0,0.9,0.75,8.0,8.0,3.0,1.5,2.5,4.0,13.545000000000002,14.524999999999999,0.7150000000000001,0.21000000000000002,1
11,2,70.5,51.5,1.945,2.435,16.5,15.0,6.5,5.5,13.5,5.5,6.930000000000001,8.524999999999999,2.3249999999999997,1.775,2
8,14,76.5,30.0,2.425,1.685,19.5,14.0,5.5,5.5,6.5,9.5,7.475,10.719999999999999,2.4450000000000003,1.15,2
1,19,60.0,32.0,2.24,0.76,14.0,10.0,5.5,3.0,6.0,3.0,11.27,8.615,2.0,0.76,2
17,3,53.5,34.0,1.7,0.755,14.0,8.0,6.0,3.5,9.5,4.0,6.09,28.325,1.825,0.575,2
6,13,50.5,47.0,2.135,2.16,17.0,15.5,3.0,7.0,10.5,12.5,5.91,13.56,1.7400000000000002,1.6099999999999999,1
4,15,63.0,54.5,1.9500000000000002,1.7249999999999999,17.5,14.0,5.5,5.5,11.0,6.5,8.17,17.77,2.14,1.83,1
12,0,71.0,42.0,2.315,1.2650000000000001,16.0,8.0,6.0,4.0,18.5,6.5,12.260000000000002,9.71,2.3,1.565,1
14,12,43.5,60.5,1.01,2.185,6.0,17.0,2.0,6.5,4.5,15.5,12.504999999999999,13.595,0.81,2.04,1
15,8,33.5,46.5,1.325,0.8049999999999999,15.0,9.5,6.5,3.0,9.5,3.5,7.6,10.865,1.295,1.025,0
7,6,41.0,35.0,1.485,0.8049999999999999,13.5,11.5,4.5,4.5,9.5,5.0,13.315,13.754999999999999,0.7150000000000001,0.5900000000000001,2
0,10,59.0,44.0,2.025,1.255,14.5,9.5,6.5,4.0,10.0,4.0,8.51,14.01,2.0,0.59,2
3,18,62.5,42.0,2.62,1.105,14.5,14.5,6.0,3.0,8.0,4.5,13.620000000000001,10.3,2.1,0.835,1
5,4,62.0,52.0,2.02,1.8050000000000002,11.5,16.0,5.0,4.5,6.0,5.5,10.75,8.775,2.055,1.75,2
19,11,42.5,74.5,1.9449999999999998,3.015,12.0,15.0,4.5,4.0,7.0,11.0,12.004999999999999,10.215,1.5150000000000001,2.37,0
9,1,36.0,56.0,0.525,2.415,9.0,12.5,3.0,4.0,2.0,7.0,14.02,10.885000000000002,0.47500000000000003,1.875,1
13,17,52.5,40.5,1.77,1.52,11.0,17.5,4.0,6.5,6.5,15.0,9.94,4.895,1.77,1.51,0
2,16,53.5,62.0,2.04,1.7999999999999998,17.5,18.5,5.5,5.5,6.5,13.5,10.235,6.005000000000001,1.865,1.425,2
6,11,41.0,75.33333333333333,1.9799999999999998,2.716666666666667,14.333333333333334,13.333333333333334,3.3333333333333335,4.666666666666667,8.666666666666666,11.0,10.049999999999999,11.736666666666666,1.4633333333333332,2.4066666666666667,0
10,2,34.333333333333336,41.0,1.0466666666666666,2.1133333333333333,9.333333333333334,16.333333333333332,2.6666666666666665,5.666666666666667,4.333333333333333,5.666666666666667,11.836666666666668,11.046666666666667,0.8233333333333334,1.45,2
12,8,71.33333333333333,51.666666666666664,2.4633333333333334,1.0166666666666666,21.666666666666668,11.0,7.666666666666667,2.6666666666666665,16.666666666666668,3.6666666666666665,10.959999999999999,9.996666666666668,2.313333333333333,1.3933333333333333,2
18,9,48.333333333333336,44.0,1.5033333333333332,0.9499999999999998,13.0,6.666666666666667,4.0,2.6666666666666665,7.333333333333333,2.3333333333333335,13.266666666666666,13.793333333333335,0.7000000000000001,0.38333333333333336,2
0,16,72.66666666666667,46.333333333333336,3.3666666666666667,1.4333333333333333,21.666666666666668,15.333333333333334,9.666666666666666,4.666666666666667,13.666666666666666,11.333333333333334,7.216666666666666,7.919999999999999,2.3333333333333335,1.1933333333333334,2
3,19,46.666666666666664,36.0,1.8699999999999999,0.68,12.333333333333334,10.0,5.0,3.3333333333333335,7.666666666666667,3.3333333333333335,12.433333333333332,10.243333333333334,1.68,0.5866666666666666,2
5,15,70.66666666666667,46.333333333333336,2.566666666666667,1.6066666666666667,12.666666666666666,10.666666666666666,5.666666666666667,4.666666666666667,7.333333333333333,5.333333333333333,15.576666666666668,19.43,2.276666666666667,1.6233333333333333,1
7,14,38.666666666666664,34.666666666666664,1.36,1.49,11.666666666666666,14.333333333333334,3.6666666666666665,5.0,8.333333333333334,7.333333333333333,13.043333333333331,10.966666666666667,0.92,0.8633333333333333,1
1,13,68.0,49.333333333333336,2.2833333333333337,2.223333333333333,12.333333333333334,15.333333333333334,5.0,6.666666666666667,7.0,12.333333333333334,11.446666666666667,11.076666666666668,2.216666666666667,1.6933333333333334,1
4,17,55.0,60.333333333333336,1.8233333333333335,2.8166666666666664,16.333333333333332,19.666666666666668,4.666666666666667,7.666666666666667,8.666666666666666,15.0,7.213333333333334,7.323333333333333,1.92,2.0033333333333334,2
17,18,67.0,43.333333333333336,2.43,1.03,17.0,16.0,7.333333333333333,3.0,12.0,7.0,7.123333333333332,16.099999999999998,2.1733333333333333,1.1466666666666667,2
8,1,78.66666666666667,43.666666666666664,2.686666666666667,1.99,20.333333333333332,10.666666666666666,7.333333333333333,3.6666666666666665,6.666666666666667,6.333333333333333,9.33,11.226666666666667,2.4933333333333336,1.5233333333333334,0
9,7,42.666666666666664,45.333333333333336,0.9666666666666668,1.1066666666666667,11.0,10.666666666666666,3.6666666666666665,2.6666666666666665,3.3333333333333335,4.666666666666667,14.866666666666667,16.12,0.9566666666666667,0.7066666666666667,0
13,3,52.333333333333336,37.333333333333336,1.38,0.7999999999999999,11.0,7.333333333333333,3.3333333333333335,4.333333333333333,6.333333333333333,4.333333333333333,11.503333333333332,21.919999999999998,1.1833333333333333,0.41333333333333333,2
14,4,42.0,49.333333333333336,1.12,1.6066666666666667,7.666666666666667,15.666666666666666,2.6666666666666665,4.666666666666667,5.333333333333333,6.0,12.37,8.563333333333334,1.0233333333333334,1.2333333333333332,0
15,6,39.666666666666664,35.0,1.0866666666666667,0.91,13.666666666666666,13.333333333333334,4.666666666666667,4.666666666666667,9.0,6.0,11.756666666666666,12.28,1.0666666666666667,0.8433333333333334,2
16,10,58.0,44.0,1.49,0.9499999999999998,7.333333333333333,8.0,2.6666666666666665,3.6666666666666665,4.666666666666667,4.0,9.266666666666667,19.153333333333332,0.89,0.3933333333333333,0
11,5,67.0,41.333333333333336,2.11,1.7866666666666664,17.333333333333332,12.0,8.666666666666666,5.333333333333333,13.333333333333334,8.0,8.57,10.943333333333333,2.2166666666666663,1.4633333333333336,2
2,0,54.666666666666664,42.666666666666664,1.8399999999999999,1.27,16.333333333333332,7.0,5.666666666666667,3.6666666666666665,6.666666666666667,4.666666666666667,10.686666666666667,10.83,1.9100000000000001,1.2033333333333334,2
19,12,45.666666666666664,51.0,1.5466666666666666,1.88,10.333333333333334,16.666666666666668,4.0,6.333333333333333,5.333333333333333,15.666666666666666,12.67,11.166666666666666,1.1266666666666667,1.7766666666666666,0
10,15,38.75,40.75,1.0125,1.6225,8.5,12.0,2.5,5.75,3.75,5.25,12.227500000000001,18.5425,0.765,1.455,0
12,16,66.5,45.75,2.19,1.3925,21.25,13.5,7.5,4.0,14.5,9.25,11.82,9.8,1.8724999999999998,0.9775,2
1,2,58.25,47.0,1.8450000000000002,2.0725,12.0,16.5,4.0,4.75,7.5,6.0,12.137500000000001,10.41,1.9975,1.635,1
3,9,59.0,44.0,2.4375,1.0074999999999998,14.0,7.25,6.75,2.5,8.0,3.25,12.2825,14.0075,1.9899999999999998,0.30500000000000005,2
4,19,56.5,38.0,1.86,0.6849999999999999,15.0,11.75,4.5,4.0,7.5,5.0,8.5175,9.92,1.955,0.45249999999999996,1
7,8,42.0,56.5,1.1925000000000001,1.4525,10.75,11.0,3.25,3.0,7.0,5.5,13.725,13.0325,0.8125,1.6175,1
5,14,66.5,42.75,2.495,1.565,15.0,14.25,6.25,4.5,8.75,8.25,13.15,9.69,2.165,1.2125,2
6,17,43.75,49.5,1.6375,2.3850000000000002,13.0,18.0,3.75,6.5,7.25,13.75,13.5225,8.7125,1.1925,1.6825,2
18,13,60.0,43.0,2.2249999999999996,1.78,15.5,14.0,6.25,6.0,7.0,9.5,14.0175,11.7775,1.2475,1.5675,2
0,11,74.75,75.5,3.3375,2.555,23.5,14.0,8.75,4.5,13.75,11.0,7.4375,10.192499999999999,2.385,2.4175,1
2,12,60.0,51.0,1.925,1.7525,15.5,18.0,5.25,6.5,6.75,18.0,10.955,9.8625,2.0475,1.7875,2
8,3,76.25,32.25,2.6725,0.8225,17.75,7.5,6.5,3.75,5.75,4.0,10.084999999999999,20.5,2.4325,0.495,2
14,0,42.5,43.0,1.325,1.1375,11.0,6.75,3.5,3.0,7.5,4.5,10.745,10.3475,1.155,0.9924999999999999,2
9,10,38.25,45.0,1.0175,1.4224999999999999,11.5,10.5,3.25,3.75,3.25,5.75,14.0075,16.0225,0.97,0.715,1
11,4,65.75,45.0,2.14,1.625,15.0,14.25,7.75,4.75,10.5,6.0,9.627500000000001,10.555,2.1849999999999996,1.2249999999999999,2
13,5,54.0,34.75,1.4775,1.675,14.0,12.0,5.25,4.5,7.75,7.5,12.655,12.192499999999999,1.3925,1.2675,1
15,18,45.75,38.0,1.2875,0.9875,15.25,14.75,5.0,3.25,9.0,6.75,12.465,14.2425,1.335,1.0925,2
16,7,50.5,46.0,1.725,1.2325,9.0,10.75,3.75,4.0,5.5,5.75,10.95,16.0625,0.9375,0.96,2
17,1,63.0,43.75,2.1825,1.8525,18.25,11.5,7.25,4.0,11.75,7.0,6.8825,12.620000000000001,2.08,1.2825,2
19,6,39.25,30.0,1.35,0.8925,8.5,15.0,3.5,5.25,4.0,5.75,16.145,11.3775,1.0675,0.795,1
3,2,64.2,46.4,2.7699999999999996,1.7239999999999998,15.2,15.4,7.2,4.4,8.2,6.0,11.412,10.09,2.12,1.362,2
4,12,54.6,48.0,1.7899999999999998,1.8719999999999999,15.8,18.2,4.8,6.0,8.4,17.8,8.806000000000001,10.49,1.8980000000000001,1.6920000000000002,2
15,14,55.0,42.4,1.5,1.6,16.0,13.6,5.2,4.2,9.4,8.8,12.809999999999999,9.568000000000001,1.634,1.27,0
5,0,59.6,41.2,2.32,1.092,15.4,7.4,6.4,2.6,8.0,5.4,12.348,9.326,1.9780000000000002,1.068,1
6,8,41.4,55.8,1.506,1.462,13.2,11.6,4.2,3.0,7.2,5.8,12.208,12.616,1.21,1.668,0
11,1,64.2,44.4,2.0740000000000003,1.98,15.2,11.6,7.8,3.4,10.4,6.2,9.794,12.190000000000001,2.142,1.362,2
13,10,55.8,48.6,1.614,1.6059999999999999,13.4,12.4,5.0,4.2,7.0,6.6,11.754,14.942000000000002,1.536,0.994,2
17,9,55.8,44.0,2.166,1.138,17.8,8.0,7.0,3.0,11.6,3.8,6.593999999999999,14.931999999999999,1.8760000000000001,0.29800000000000004,0
18,7,57.6,51.2,2.378,1.344,14.8,11.8,5.6,4.2,7.0,5.4,15.430000000000001,15.85,1.332,1.2399999999999998,1
19,16,34.6,45.4,1.41,1.188,9.0,11.8,4.0,3.6,4.4,8.6,14.136,11.022,0.994,0.796,2
2,4,56.2,39.8,2.0300000000000002,1.504,14.8,14.0,5.4,4.8,6.6,5.8,11.774,10.056000000000001,1.9300000000000002,1.138,0
14,18,40.2,39.2,1.232,0.8160000000000001,10.6,12.6,3.6,3.0,7.8,5.8,11.238,14.008000000000001,1.1800000000000002,0.8939999999999999,0
0,15,65.0,48.8,2.888,1.8059999999999998,20.6,13.6,7.6,5.6,12.2,5.4,7.564,17.672,2.1260000000000003,1.6800000000000002,2
7,3,37.4,29.4,1.1300000000000001,0.806,10.6,7.0,3.6,3.4,7.0,3.6,15.216,18.866,0.818,0.562,1
1,6,63.0,36.6,1.8700000000000003,1.244,13.2,15.8,4.8,5.6,9.2,5.0,11.776,11.693999999999999,2.116,1.0539999999999998,1
8,19,71.6,35.6,2.424,0.77,19.4,12.2,7.6,4.6,7.2,4.6,9.267999999999999,10.190000000000001,2.322,0.5740000000000001,0
9,13,33.8,40.4,1.082,1.95,12.0,14.8,3.0,5.8,3.4,9.0,13.469999999999999,11.48,0.914,1.476,1
10,5,41.4,36.6,0.976,1.582,9.0,12.0,2.2,4.2,4.6,7.6,10.808,11.796,0.668,1.1460000000000001,0
12,17,72.2,46.6,2.384,2.112,21.4,16.6,7.6,5.8,14.0,12.4,11.815999999999999,7.895999999999999,2.0759999999999996,1.624,0
16,11,50.8,69.0,1.488,2.314,9.0,13.0,3.4,4.4,5.6,10.4,10.608,9.808,0.836,2.252,0
3,10,59.4,48.6,2.806,1.5179999999999998,15.8,11.6,7.4,4.4,10.8,7.4,10.678,15.122,1.95,1.0,2
4,16,51.4,34.8,1.936,0.9559999999999998,15.0,9.8,4.6,2.6,7.4,7.2,9.02,11.426,1.802,0.52,1
5,1,57.6,40.8,2.356,1.778,16.8,11.0,6.4,3.2,7.6,5.4,13.636000000000001,13.466000000000003,1.9,1.248,2
6,14,41.2,48.8,1.6219999999999999,1.596,13.0,14.2,4.8,4.4,6.8,9.0,13.55,10.52,1.1960000000000002,1.468,1
11,12,58.8,47.2,2.066,2.156,14.2,19.0,7.2,6.2,7.6,16.6,9.492,10.972,2.004,1.6460000000000001,2
13,7,51.6,47.6,1.4540000000000002,1.388,13.2,13.4,4.6,4.8,6.0,5.8,12.306,15.528,1.44,1.408,2
15,9,54.8,45.0,1.488,1.478,15.0,9.4,4.2,3.4,8.2,4.8,13.219999999999999,13.320000000000002,1.6320000000000001,0.6300000000000001,2
17,8,44.0,56.0,1.9940000000000002,1.828,18.6,13.0,6.6,4.0,11.8,6.6,6.659999999999999,11.758000000000001,1.552,1.9280000000000002,1
18,0,58.0,44.4,2.042,1.202,14.2,8.2,6.2,2.4,7.6,4.6,15.592000000000002,10.212,1.358,1.158,0
19,2,32.2,47.6,1.108,1.8399999999999999,8.2,15.8,4.0,4.2,4.2,6.4,16.338,9.856,0.9480000000000001,1.3920000000000001,0
2,17,55.8,50.8,1.904,2.4899999999999998,15.2,15.4,5.6,5.8,7.2,9.8,11.418000000000001,12.46,1.9260000000000002,1.722,2
0,13,66.4,41.0,2.8939999999999997,1.9460000000000002,20.8,14.8,7.8,5.8,13.2,8.4,8.116,10.524000000000001,2.16,1.492,2
1,3,71.2,26.8,2.214,0.982,14.4,7.2,5.2,3.4,10.8,3.4,9.8,13.978,2.332,0.776,2
7,19,35.2,37.4,1.3679999999999999,0.922,14.2,12.4,4.4,5.0,7.8,5.8,14.524000000000001,10.9,1.056,0.834,2
8,4,61.8,28.4,2.176,1.392,17.8,13.2,7.0,4.6,7.0,5.8,8.538,11.072,2.048,0.8140000000000001,2
9,6,34.8,40.2,1.4120000000000001,1.336,12.8,15.6,3.8,5.6,3.8,4.6,13.942000000000002,13.313999999999998,1.3,0.9360000000000002,0
10,18,46.8,35.4,0.9640000000000001,0.698,8.4,12.0,1.8,3.6,4.8,5.8,9.328,14.084,0.5,0.78,2
12,15,56.8,38.8,2.2,1.314,23.2,10.4,7.6,4.0,13.8,3.6,11.510000000000002,18.306,1.636,1.1880000000000002,2
14,11,40.2,64.8,1.4460000000000002,2.166,13.6,14.6,3.8,5.6,8.2,10.4,9.878,9.718,1.492,2.1540000000000004,1
16,5,50.8,47.8,1.754,1.7399999999999998,9.4,12.4,4.2,4.0,6.0,9.0,13.780000000000001,12.058,0.8979999999999999,1.4600000000000002,0
1,16,70.0,29.2,2.226,0.812,15.0,8.2,5.6,1.8,11.2,5.2,10.97,12.191999999999998,2.3,0.6060000000000001,2
3,14,57.0,50.2,2.4779999999999998,1.3039999999999998,14.4,11.6,7.2,3.2,9.2,7.4,9.286,9.946000000000002,1.892,1.202,2
13,15,59.8,44.6,1.506,1.3559999999999999,13.8,11.8,5.0,4.0,6.8,4.2,12.098,17.034,1.6799999999999997,1.068,0
17,5,43.6,63.6,2.038,2.7199999999999998,17.2,15.6,6.2,6.0,11.2,10.8,9.346,12.372,1.53,1.8780000000000001,0
18,19,58.0,37.0,2.1,0.9040000000000001,14.6,11.4,6.8,4.8,7.2,5.8,14.206,11.16,1.334,0.8099999999999999,2
6,12,46.4,39.2,1.504,1.668,12.2,16.0,4.8,5.0,6.0,13.2,14.338,11.684000000000001,1.3279999999999998,1.1300000000000001,1
7,11,39.8,65.6,1.156,2.192,13.2,15.6,3.6,6.0,6.2,10.4,14.9,9.01,1.21,2.1719999999999997,1
8,0,48.4,53.8,1.732,1.778,14.8,10.0,6.4,3.0,6.4,5.2,11.341999999999999,9.894,1.6939999999999997,1.386,1
9,2,41.2,56.0,1.364,1.864,12.4,14.8,3.4,4.4,3.8,5.8,14.282,10.584,1.208,1.614,0
10,4,44.2,32.8,1.366,1.248,8.2,11.4,2.4,4.4,5.0,5.0,10.062000000000001,11.876000000000001,0.6980000000000001,0.968,1
11,8,67.6,56.4,2.572,1.904,15.0,14.0,7.6,4.4,8.0,7.2,12.216000000000001,11.847999999999999,2.206,1.936,1
12,13,64.8,34.2,2.53,1.392,23.0,11.8,7.6,4.2,11.4,5.2,9.809999999999999,12.335999999999999,1.8400000000000003,0.998,0
2,18,63.4,34.8,2.252,1.138,15.6,16.0,5.8,5.0,8.2,7.8,10.576,15.266,2.11,1.028,1
0,7,75.2,47.6,3.0040000000000004,1.372,21.4,13.8,7.6,4.8,13.6,5.8,8.626000000000001,15.675999999999998,2.386,1.496,1
4,6,50.4,45.4,1.9579999999999997,1.5739999999999998,15.2,16.4,4.4,5.6,8.2,4.6,9.970000000000002,12.07,1.764,1.384,0
5,3,51.6,30.8,2.15,0.998,17.6,7.4,6.6,2.6,7.6,3.2,12.968,10.58,1.7560000000000002,0.632,2
19,9,35.4,45.0,0.9880000000000001,1.426,7.8,9.6,3.6,3.8,4.6,5.6,16.684,11.918,0.712,0.596,0
16,17,50.8,52.4,1.864,2.2880000000000003,9.4,13.8,4.2,5.4,6.6,10.2,18.284,12.315999999999999,0.8400000000000001,1.4740000000000002,0
14,10,37.8,48.6,1.432,1.3699999999999999,15.2,11.2,4.4,4.2,7.8,6.6,10.844,15.142000000000001,1.4060000000000001,0.978,2
15,1,60.6,34.4,1.56,1.522,14.2,11.0,4.2,3.0,7.0,5.0,14.485999999999999,19.292,1.778,0.884,2
1,12,71.0,42.2,2.2540000000000004,1.73,16.8,15.2,5.8,4.6,12.0,13.2,10.187999999999999,12.068000000000001,2.32,1.214,2
8,16,42.2,35.0,1.1199999999999999,0.75,10.8,7.2,4.6,1.2,5.0,5.2,13.606,11.611999999999998,1.182,0.492,1
7,5,39.2,53.4,1.116,2.754,13.6,16.6,3.8,6.6,5.4,12.2,15.943999999999999,10.706,1.2,1.58,1
6,0,47.4,64.4,1.4119999999999997,2.008,12.8,11.4,4.6,3.2,6.2,7.4,18.432,9.016,1.3579999999999999,1.8779999999999997,0
3,15,60.6,47.4,2.754,1.2120000000000002,15.0,13.2,8.2,4.0,9.0,4.4,9.426,17.759999999999998,1.968,0.958,0
18,4,53.4,29.2,2.1879999999999997,1.23,15.4,11.6,6.2,4.8,6.2,4.6,14.072,12.732000000000001,1.488,1.142,1
17,11,35.4,57.0,1.9100000000000001,1.954,15.2,14.8,5.2,5.6,9.4,8.6,9.48,6.965999999999999,1.318,1.95,0
13,2,61.6,68.4,1.6800000000000002,2.268,15.0,15.4,6.0,4.4,7.0,7.0,9.814,8.392,2.094,1.972,0
10,19,48.0,37.0,1.3820000000000001,1.096,7.8,13.2,2.6,5.0,4.0,6.2,11.278,10.067999999999998,0.818,1.078,0
9,14,40.4,50.0,1.308,1.4760000000000002,13.0,11.8,3.4,3.0,5.0,8.6,12.85,10.080000000000002,0.884,1.452,0
2,6,60.4,53.8,2.374,1.952,18.6,15.6,6.4,5.6,8.8,4.2,10.552000000000001,13.032,2.0119999999999996,1.6059999999999999,1
0,9,69.6,46.6,2.056,1.4420000000000002,16.8,9.0,5.4,3.6,11.8,5.4,8.709999999999999,12.541999999999998,2.27,0.8460000000000001,2
4,3,53.0,26.0,1.908,1.152,15.8,8.0,4.8,2.2,9.2,3.4,9.862,11.684000000000001,1.5479999999999998,0.778,1
5,8,45.8,47.8,1.936,1.8739999999999999,19.8,13.6,6.8,4.6,8.2,7.6,9.674,17.945999999999998,1.6059999999999999,1.67,0
11,10,67.2,48.6,2.504,1.34,14.4,11.0,5.8,3.8,7.0,6.4,11.386000000000001,12.22,2.1999999999999997,0.9800000000000001,2
12,7,60.8,46.8,2.1060000000000003,1.034,18.4,11.0,6.0,3.8,9.6,5.0,11.526,15.77,1.4400000000000002,1.224,1
14,1,49.8,39.4,1.954,1.372,18.4,11.2,5.8,2.8,10.6,5.4,10.698,20.296,1.7120000000000002,0.76,2
15,17,67.4,50.6,1.8960000000000001,1.984,15.4,12.6,5.2,5.2,6.4,9.2,13.934000000000001,12.014,2.194,1.434,2
16,18,47.2,32.2,1.538,1.326,9.0,15.4,4.2,5.0,5.6,6.6,20.020000000000003,11.904,0.41600000000000004,0.924,0
19,13,29.4,39.0,1.0859999999999999,1.332,9.6,10.8,4.2,3.6,6.4,3.8,16.206,12.7,0.8280000000000001,1.126,2
1,4,77.8,30.8,2.56,1.1620000000000001,16.8,12.0,6.8,5.0,11.6,6.0,11.017999999999999,10.664,2.4699999999999998,1.2,1
3,0,46.8,70.6,2.0799999999999996,2.4699999999999998,12.6,13.0,6.4,4.2,9.4,7.8,8.032,9.802,1.6139999999999997,2.29,0
6,16,47.4,35.0,1.612,0.552,14.0,6.6,4.8,1.0,6.2,5.2,17.104,10.854,1.3679999999999999,0.526,2
7,15,32.8,50.4,1.192,1.07,13.0,12.0,4.2,3.4,4.8,4.6,15.675999999999998,17.628,1.286,1.068,0
8,2,41.2,60.8,0.844,2.2440000000000007,12.0,14.0,4.8,5.0,6.0,6.2,14.802000000000001,8.538,1.174,1.746,1
9,5,45.8,60.0,1.286,2.79,12.4,16.6,3.4,7.2,4.4,11.4,14.12,8.474,0.734,1.798,2
10,12,42.2,35.2,1.358,1.6759999999999997,8.4,13.2,3.2,4.4,4.2,9.0,10.968,14.798000000000002,0.9040000000000001,0.9879999999999999,0
13,14,59.4,53.4,1.784,1.764,15.0,12.0,5.2,3.8,7.4,9.2,8.062000000000001,11.360000000000001,2.0260000000000002,1.528,0
17,19,35.6,37.2,1.862,1.184,12.6,11.4,4.8,4.6,8.8,4.8,12.556000000000001,11.196,0.9640000000000001,1.4,1
18,11,40.6,61.4,1.556,2.5799999999999996,13.0,16.4,4.4,7.2,6.2,9.2,12.714,8.164,1.154,2.05,0
2,7,56.2,46.0,2.178,0.842,19.6,10.4,6.4,2.8,9.4,3.4,9.482,18.21,1.9080000000000001,0.932,2
1,10,74.0,47.8,2.5420000000000003,0.8160000000000001,17.2,8.2,6.0,3.2,11.0,4.2,10.941999999999998,26.494,2.376,0.688,2
4,0,49.8,81.4,1.782,2.6879999999999997,18.4,13.8,5.4,5.0,12.6,9.4,9.046000000000001,12.236,1.462,2.566,1
6,5,57.2,59.0,2.026,2.87,15.0,18.2,5.6,7.6,6.8,13.4,17.119999999999997,7.944,1.6239999999999999,1.9579999999999997,1
8,9,34.4,46.6,0.75,1.222,9.0,7.8,3.6,3.2,4.4,4.2,15.99,13.494,0.962,0.85,1
11,13,71.4,43.0,2.4379999999999997,1.314,16.6,11.0,6.2,3.6,11.8,4.0,9.922,11.418000000000001,2.31,1.032,1
12,18,67.0,34.0,2.336,1.534,19.2,16.4,5.6,4.6,11.6,6.6,10.78,13.942000000000002,1.8520000000000003,0.9719999999999999,2
16,3,50.4,27.8,1.492,1.166,9.8,8.0,3.8,2.4,5.8,3.8,18.414,10.962,0.516,0.844,0
17,14,46.2,59.0,1.8979999999999997,1.864,12.0,12.2,4.2,4.0,7.8,8.0,13.803999999999998,13.431999999999999,1.264,1.6800000000000002,0
19,15,35.8,49.4,1.1,0.968,10.4,10.2,4.6,3.8,7.2,4.8,12.996,18.189999999999998,1.034,1.042,0
0,17,71.8,52.6,1.8380000000000003,1.9780000000000002,13.6,12.6,5.2,5.4,11.4,9.0,8.376000000000001,10.518,2.3299999999999996,1.514,2
3,12,40.2,34.0,1.314,1.5219999999999998,9.6,12.2,5.0,4.6,8.0,7.4,9.991999999999999,17.726,1.1159999999999997,0.9560000000000001,1
7,1,39.4,39.4,1.1400000000000001,1.1300000000000001,13.6,9.2,3.6,2.0,5.0,4.0,13.078,21.278000000000002,1.194,0.662,0
9,4,49.2,35.8,1.318,1.1460000000000001,11.4,12.0,4.2,4.8,4.4,6.2,16.444,10.77,0.8480000000000001,1.1720000000000002,0
10,6,40.6,53.8,1.56,1.884,8.4,13.6,3.8,5.0,3.6,4.8,13.006,13.666,1.1640000000000001,1.626,0
15,11,63.0,71.4,1.778,2.9699999999999998,13.4,19.0,4.6,9.0,5.6,10.8,15.645999999999997,8.517999999999999,2.082,2.3020000000000005,1
18,8,41.4,42.2,1.062,1.6780000000000002,12.0,14.2,3.8,5.2,5.4,6.2,11.329999999999998,17.094,0.8400000000000001,1.524,2
5,2,41.0,63.2,1.7920000000000003,2.5200000000000005,17.8,15.0,6.8,6.2,6.8,7.0,11.874,8.86,1.4759999999999998,2.08,1
14,19,59.8,40.8,2.132,1.09,18.6,10.8,6.2,3.8,11.8,5.4,10.746,11.121999999999998,1.9780000000000002,1.2479999999999998,2
13,16,57.2,35.0,1.552,0.722,14.8,7.0,4.6,1.2,7.8,4.2,8.398,8.803999999999998,1.7139999999999997,0.5720000000000001,2
0,1,81.4,37.2,2.072,0.89,14.6,9.0,5.4,2.4,12.4,4.4,7.99,22.104,2.59,0.604,1
3,11,43.4,73.6,1.48,2.8760000000000003,10.8,18.2,5.0,8.2,8.0,11.8,11.034,8.136,1.2159999999999997,2.3560000000000003,0
5,19,49.2,35.0,1.9759999999999998,1.116,19.6,11.4,7.4,4.2,8.2,5.4,11.93,11.213999999999999,1.704,1.06,2
7,17,38.0,54.4,1.066,1.9300000000000002,10.2,12.4,3.2,5.2,4.2,7.6,12.04,13.88,1.158,1.322,2
9,12,48.2,36.4,0.974,1.532,10.2,13.4,3.6,5.0,3.8,9.6,14.530000000000001,18.268,0.57,1.024,0
10,8,36.8,48.4,1.786,1.9460000000000002,11.8,15.6,4.4,5.6,4.4,6.6,12.801999999999998,16.636,1.3679999999999999,1.6740000000000002,0
13,4,60.2,43.2,1.9259999999999997,1.112,16.8,13.0,5.8,5.0,10.4,7.0,8.852,10.278,1.778,1.408,0
14,2,64.4,59.8,2.386,2.252,20.2,13.4,6.4,6.2,12.0,7.4,9.221999999999998,8.888,2.088,1.7619999999999998,0
15,16,55.0,38.4,1.4140000000000001,0.8379999999999999,10.8,7.8,4.0,2.2,3.8,3.2,17.118000000000002,10.206,1.5500000000000003,0.426,2
18,6,43.2,49.8,1.026,1.8059999999999998,10.6,11.6,3.2,4.4,4.2,5.8,12.759999999999998,14.169999999999998,0.572,1.5119999999999998,0
2,15,65.6,51.4,2.2119999999999997,1.402,21.0,11.0,6.8,4.4,11.0,7.0,7.264,17.5,2.164,1.334,2
1,18,75.6,30.4,2.404,1.814,16.4,19.0,6.0,5.0,10.6,7.6,11.267999999999999,13.684000000000001,2.424,1.158,1
4,7,47.6,40.4,1.834,0.596,16.8,9.0,5.0,1.8,11.0,2.8,10.008,17.354,1.4,0.49400000000000005,0
6,3,56.8,44.2,1.89,2.128,15.0,11.0,5.8,4.2,7.2,6.4,18.253999999999998,10.714,1.6199999999999999,1.278,0
8,13,45.0,40.0,1.136,1.1219999999999999,10.0,10.0,3.8,3.4,4.2,4.0,16.306,10.871999999999998,1.2559999999999998,0.9400000000000001,0
11,9,73.0,46.6,2.6479999999999997,1.1780000000000002,17.2,7.0,5.8,2.8,11.2,3.4,9.604000000000003,12.518,2.348,0.898,2
12,5,58.0,50.6,2.1,2.6100000000000003,16.8,18.0,5.4,6.4,11.0,14.0,11.355999999999998,8.128,1.6199999999999999,1.736,2
16,14,50.4,62.8,1.434,1.9760000000000002,9.6,11.6,3.6,3.6,6.4,7.8,19.144,12.212,0.43,1.778,0
17,10,51.6,44.0,1.7479999999999998,0.512,11.2,5.0,4.0,2.4,8.8,2.8,13.64,28.538,1.1500000000000001,0.32199999999999995,0
19,0,36.8,77.6,1.15,2.6580000000000004,10.8,13.0,4.6,5.0,8.4,9.8,13.685999999999998,12.35,1.0699999999999998,2.4560000000000004,0
2,11,71.4,80.8,2.396,3.2620000000000005,20.6,22.4,7.8,8.8,10.0,14.6,7.314,8.138,2.3099999999999996,2.542,0
0,12,76.4,45.4,2.068,2.022,14.2,15.2,5.0,6.4,10.2,12.2,7.248,16.904000000000003,2.4539999999999997,1.56,2
3,17,39.6,50.0,1.276,1.5420000000000003,10.4,12.8,5.0,5.0,8.2,7.6,12.892,10.02,0.7799999999999998,1.016,0
5,18,62.8,38.0,2.3579999999999997,1.9620000000000002,20.0,18.8,8.2,4.6,9.0,7.6,11.276,12.126000000000001,2.0780000000000003,1.378,2
7,10,40.8,42.6,1.278,0.708,10.0,6.2,3.6,2.0,4.0,2.8,12.411999999999999,27.869999999999997,1.2200000000000002,0.48999999999999994,2
9,16,48.2,44.0,1.04,0.9040000000000001,10.0,7.8,4.0,2.6,4.0,2.8,20.298000000000002,9.76,0.5119999999999999,0.376,0
13,6,50.2,57.4,1.8379999999999999,1.8099999999999998,16.6,11.4,5.0,4.6,10.0,6.4,8.334,13.553999999999998,1.4780000000000002,1.934,0
14,8,64.4,56.0,2.254,1.97,19.2,15.6,7.0,4.6,13.2,7.2,8.92,17.29,1.7880000000000003,1.8800000000000001,0
15,4,65.2,46.2,1.65,1.326,11.8,11.6,4.4,5.0,4.8,7.8,17.546,11.319999999999999,1.846,1.4779999999999998,2
19,1,33.4,38.6,1.0699999999999998,0.8,11.0,8.2,4.6,2.8,7.0,3.8,9.946000000000002,21.568,0.968,0.666,2
1,9,62.4,45.6,1.9419999999999997,0.9019999999999999,15.2,6.0,4.8,2.8,9.8,2.6,10.782,12.992,2.056,0.626,1
4,5,42.8,35.4,1.3880000000000001,1.7440000000000002,18.0,14.8,4.4,4.6,11.8,11.4,8.632,10.456,1.2819999999999998,1.326,2
6,7,41.4,43.8,1.6759999999999997,0.596,15.0,6.0,6.0,1.2,6.8,1.8,19.574,18.468,1.2,0.6060000000000001,0
8,15,48.6,51.4,1.114,1.4419999999999997,10.6,12.2,4.0,4.6,4.2,8.0,18.723999999999997,16.889999999999997,1.4,1.362,2
10,0,39.4,68.0,1.366,2.036,11.8,11.6,4.0,4.2,4.0,9.0,14.588,11.496,1.1460000000000001,2.232,0
11,19,75.6,40.2,2.5460000000000003,1.16,17.6,12.0,6.0,4.6,12.8,6.6,9.190000000000001,12.882,2.4219999999999997,0.932,2
12,14,65.8,71.4,2.114,2.588,15.2,14.8,5.6,5.4,8.8,9.6,13.138,12.547999999999998,1.866,2.3080000000000003,2
16,2,50.4,57.8,1.2920000000000003,2.1759999999999997,10.6,14.8,3.6,6.6,5.6,8.2,17.056,7.970000000000001,0.392,1.7120000000000002,0
17,13,53.0,45.0,1.8,0.908,12.4,8.6,4.6,2.8,8.4,4.0,12.058000000000002,11.684000000000001,1.206,0.9480000000000001,2
18,3,43.2,49.2,0.8219999999999998,2.2439999999999998,9.6,11.8,2.2,5.0,4.4,8.4,12.764,10.822,0.59,1.426,0
2,19,56.6,34.4,2.07,1.074,19.2,11.4,6.8,4.4,9.0,6.8,7.540000000000001,13.124,1.8900000000000001,0.7539999999999999,0
0,18,68.6,36.0,1.7799999999999998,1.6239999999999999,13.8,15.4,5.2,3.6,9.8,6.4,7.781999999999999,15.669999999999998,2.2700000000000005,1.3319999999999999,0
1,5,63.2,39.0,2.02,1.3599999999999999,16.6,13.0,5.0,3.0,11.0,10.0,10.738,10.102,2.0759999999999996,1.2080000000000002,2
7,13,53.2,41.2,1.718,1.142,10.6,10.8,4.4,3.6,6.4,5.4,12.456,10.104,1.534,1.138,1
8,6,55.0,56.2,1.526,1.97,15.0,11.0,5.6,4.6,5.4,6.4,16.639999999999997,13.536000000000001,1.924,1.8940000000000001,0
9,17,49.4,45.0,1.116,1.608,9.4,13.0,4.2,4.6,2.6,6.2,20.226,11.118,0.85,1.156,0
10,3,40.8,54.8,1.1280000000000001,2.41,11.0,12.8,3.8,5.8,4.0,9.2,13.780000000000001,11.132,0.866,1.8379999999999999,0
12,11,66.2,86.8,1.8980000000000001,3.62,14.0,25.0,5.6,9.4,7.6,16.4,14.663999999999998,8.954,1.874,2.688,0
14,15,65.0,51.4,2.196,1.3779999999999997,18.0,11.6,6.6,4.4,14.6,8.0,8.940000000000001,16.686,1.8160000000000003,1.276,2
16,4,50.4,49.8,1.104,1.254,11.6,10.4,3.6,4.6,5.8,8.4,12.124,10.094,0.488,1.2719999999999998,0
3,7,44.2,43.8,1.258,0.646,12.2,6.6,4.2,2.0,8.6,2.0,13.206,17.194,0.9199999999999997,0.592,1
4,2,45.8,55.2,1.4280000000000002,1.8960000000000001,16.2,13.2,4.4,6.8,10.0,6.4,10.328,8.39,1.3599999999999999,1.6480000000000001,2
15,0,69.4,65.0,2.1100000000000003,1.9,12.2,11.4,5.2,4.4,5.6,8.6,18.958000000000002,10.96,1.938,2.166,1
17,12,52.6,39.0,1.544,1.8539999999999999,14.2,14.2,5.0,6.4,9.8,10.4,12.014000000000001,18.812,1.2,1.3699999999999999,0
18,10,47.8,42.6,0.716,0.616,8.4,6.6,2.0,1.6,4.6,3.0,12.966,27.394,0.454,0.414,2
19,8,37.4,55.0,1.2959999999999998,1.9780000000000002,10.6,15.8,5.0,4.2,5.8,6.8,10.134,17.368,1.406,1.8519999999999999,0
6,1,50.0,38.6,1.8960000000000001,0.772,16.0,8.2,6.6,2.6,7.4,3.8,13.744,15.948000000000002,1.446,0.6300000000000001,2
5,16,58.2,38.6,2.246,1.0619999999999998,21.0,8.8,7.2,3.4,9.4,1.6,10.91,10.052,1.95,0.49400000000000005,2
11,14,68.6,71.6,2.18,2.228,16.0,12.2,5.2,5.0,12.6,8.0,8.01,12.302000000000001,2.256,2.0260000000000002,2
13,9,41.2,45.6,1.846,0.876,16.6,5.4,4.0,2.8,12.2,1.6,8.806000000000001,14.09,1.1960000000000002,0.5740000000000001,2
3,1,45.0,38.6,1.3719999999999999,0.828,13.2,7.8,4.2,2.6,7.6,2.6,14.959999999999999,13.703999999999999,0.9399999999999998,0.5940000000000001,0
4,8,47.2,61.4,1.6800000000000002,2.0060000000000002,15.0,15.6,4.2,4.6,9.6,6.4,11.7,12.233999999999998,1.6780000000000002,2.048,2
5,10,63.2,42.6,2.3240000000000003,0.6359999999999999,19.6,7.8,7.6,1.8,10.4,2.4,11.908,28.45,2.082,0.454,2
6,9,59.2,39.2,2.38,0.7380000000000001,16.8,5.8,6.6,2.4,8.6,2.4,11.57,13.360000000000003,1.954,0.40199999999999997,2
11,16,69.6,38.6,2.04,1.176,15.2,9.2,5.0,3.6,12.6,1.8,7.825999999999999,12.096,2.2960000000000003,0.44400000000000006,2
13,0,40.8,61.8,1.668,1.554,14.0,11.2,3.8,3.4,10.2,8.8,10.428,9.464000000000002,1.2020000000000002,2.0940000000000003,1
15,12,62.6,49.0,1.7540000000000002,2.1119999999999997,10.0,14.2,4.4,6.2,5.4,11.8,18.119999999999997,17.576,1.53,1.666,2
17,2,52.6,53.6,1.5599999999999998,1.8699999999999999,14.6,15.0,5.2,6.8,9.2,7.4,9.798000000000002,7.461999999999999,1.3199999999999998,1.5939999999999999,1
18,14,58.4,63.6,0.8099999999999999,1.6740000000000002,7.8,9.8,1.6,3.6,4.6,5.8,13.963999999999999,13.75,0.742,1.6099999999999999,0
19,7,37.6,42.2,1.234,0.9099999999999999,11.0,9.0,4.8,2.8,4.0,2.4,10.494,19.613999999999997,1.4120000000000001,0.808,1
2,3,58.6,65.0,1.7860000000000003,2.484,15.0,13.8,5.6,6.2,8.6,9.6,6.912000000000001,10.358,1.658,2.142,0
0,5,62.6,34.2,1.7920000000000003,1.49,15.2,13.6,4.6,3.4,10.4,11.0,7.8100000000000005,11.49,2.1020000000000003,1.05,2
1,11,60.8,75.0,2.146,2.742,16.8,21.8,5.0,7.8,10.6,15.0,8.994,10.884,2.012,2.41,1
7,18,64.4,34.6,1.924,1.466,11.4,13.2,5.2,3.4,7.6,5.4,12.378,16.244,1.842,1.304,1
8,17,52.6,36.6,1.322,1.1480000000000001,13.8,11.4,4.6,4.0,5.4,5.6,14.398,10.784,1.5459999999999998,0.95,2
9,15,43.4,46.8,1.134,1.6640000000000001,10.8,13.0,4.8,4.2,3.4,8.2,18.716,15.834,0.99,1.114,0
10,13,46.6,34.4,1.116,0.8619999999999999,10.8,10.6,3.4,3.6,5.2,5.4,15.193999999999999,9.796000000000001,0.756,0.712,0
12,4,60.4,61.8,1.886,2.0100000000000002,15.2,11.6,6.0,5.8,8.6,7.0,15.057999999999998,10.812,2.02,1.5739999999999998,1
14,6,58.0,56.0,2.098,1.6600000000000001,15.2,10.4,5.4,4.6,11.4,6.2,8.016,14.242,1.6420000000000001,1.8980000000000001,2
16,19,50.4,40.8,0.8800000000000001,1.266,11.0,12.4,3.2,4.6,5.6,7.2,10.597999999999999,11.284,0.45999999999999996,0.9179999999999999,0
0,8,52.4,61.6,1.5,1.7919999999999998,15.0,14.0,4.4,3.4,9.2,5.8,9.302000000000001,13.088,1.8720000000000003,1.816,2
4,1,52.8,40.6,1.8,1.042,12.0,9.4,3.6,3.2,7.6,3.2,11.830000000000002,13.412,1.832,0.9640000000000001,0
15,13,58.6,31.8,1.5939999999999999,1.018,9.8,12.0,4.6,3.8,5.0,5.4,16.264,11.291999999999998,1.4300000000000002,0.8119999999999999,2
19,18,31.0,37.2,1.23,1.19,11.8,11.8,4.6,3.8,4.6,5.6,10.242,17.472,1.202,1.214,2
2,9,57.0,39.2,1.952,1.048,14.8,8.2,5.8,4.0,10.0,2.6,7.087999999999999,12.678,1.6039999999999999,0.484,0
5,17,75.0,40.6,2.366,1.218,21.2,11.2,7.4,4.0,12.4,5.2,11.038,11.712,2.398,1.064,2
12,10,50.8,42.6,1.7879999999999998,0.614,12.6,7.6,5.6,2.2,6.2,2.6,15.053999999999998,15.042000000000002,1.7600000000000002,0.43599999999999994,2
14,3,46.4,65.4,1.998,2.6119999999999997,13.6,14.2,5.2,6.4,9.2,10.2,9.510000000000002,9.392,1.3299999999999998,2.144,2
16,6,53.4,61.0,0.696,2.036,9.4,10.6,2.8,4.6,5.0,6.4,11.294,15.101999999999999,0.5539999999999999,2.036,1
11,7,72.8,43.8,2.6580000000000004,1.054,17.0,9.8,5.0,3.0,11.2,2.8,7.694,16.048,2.364,1.124,2
1,15,51.2,43.4,1.9740000000000002,1.52,14.6,13.0,5.0,4.0,10.6,8.2,9.303999999999998,14.734,1.72,1.036,2
3,5,37.8,35.2,1.4460000000000002,1.226,14.8,11.2,4.4,2.8,9.2,7.4,12.569999999999999,12.296000000000001,1.0679999999999998,0.93,1
6,4,57.4,61.0,2.3980000000000006,2.244,16.8,12.0,5.4,5.6,6.8,7.4,11.338000000000001,12.734,1.908,1.732,2
7,0,65.2,54.2,2.0380000000000003,1.52,11.4,11.8,5.8,3.6,7.0,7.2,12.524000000000001,7.606,2.162,1.8940000000000001,1
8,11,53.8,69.0,1.3379999999999999,2.49,14.2,20.8,4.2,5.8,6.2,15.2,13.76,11.532,1.5879999999999999,2.2640000000000002,2
9,19,47.2,40.8,0.9380000000000001,1.246,11.2,11.2,4.4,4.6,2.8,6.6,18.413999999999998,11.576,0.8699999999999999,0.992,0
10,14,45.8,61.8,1.0080000000000002,1.552,10.8,9.2,3.2,3.4,5.4,6.8,14.238,12.252,0.7380000000000001,1.5699999999999998,0
13,12,35.4,50.4,1.73,1.9400000000000002,14.0,14.2,4.8,5.8,10.8,11.2,11.662,13.574000000000002,1.2920000000000003,1.738,1
17,16,40.0,38.6,1.374,1.0340000000000003,14.4,9.0,5.4,3.8,9.0,1.6,8.838000000000001,14.930000000000001,0.9560000000000001,0.386,2
18,2,58.4,54.4,0.8699999999999999,1.9740000000000002,8.2,15.2,2.0,6.6,4.0,6.8,13.532,6.95,0.8560000000000001,1.61,1
2,8,50.0,48.0,1.828,1.512,15.8,11.6,5.6,3.0,8.6,4.4,7.3420000000000005,15.413999999999998,1.424,1.438,2
0,3,49.4,49.6,1.508,1.8079999999999998,15.6,12.6,4.4,4.8,9.2,8.6,11.434000000000001,8.718,1.798,1.72,1
4,10,48.6,42.6,1.5580000000000003,0.47000000000000003,12.0,7.2,3.6,1.8,9.2,2.2,10.376000000000001,17.874000000000002,1.7100000000000002,0.41,1
5,9,66.8,34.8,2.118,1.042,18.2,8.8,6.4,3.8,11.2,3.4,11.696000000000002,13.062000000000001,2.1759999999999997,0.5640000000000001,1
11,18,69.2,42.8,2.346,1.23,16.6,10.4,4.4,3.2,11.8,5.2,6.784000000000001,16.73,2.2800000000000002,1.384,2
12,6,58.4,60.6,1.8059999999999998,1.7719999999999998,14.2,10.6,5.2,4.4,8.0,6.6,13.828,15.134,1.9619999999999997,2.048,2
14,13,46.6,43.4,2.026,1.058,14.4,14.0,5.0,4.2,8.6,6.6,10.373999999999999,10.680000000000001,1.34,1.16,2
19,17,30.8,39.4,1.0699999999999998,1.342,11.0,10.8,3.8,4.0,3.4,7.0,11.132,9.78,1.1960000000000002,1.266,2
15,7,58.6,39.4,1.5899999999999999,1.1059999999999999,10.2,9.0,4.4,3.0,5.6,3.2,16.296,17.246,1.48,1.282,0
16,1,47.8,44.4,0.784,1.026,9.4,8.8,3.0,3.6,3.8,3.0,11.116,12.991999999999999,0.768,1.0779999999999998,0
1,14,50.6,66.6,2.0300000000000002,1.754,15.4,9.6,5.6,3.6,10.2,6.0,9.488,13.209999999999999,1.7,1.684,2
3,4,37.8,61.8,1.2399999999999998,2.286,13.0,12.0,3.6,5.6,8.2,7.0,12.328,12.184000000000001,1.0799999999999998,1.746,2
6,2,61.8,59.2,2.23,2.134,15.8,16.0,4.8,6.8,5.8,6.4,10.702000000000002,6.816,1.7899999999999998,1.972,1
7,12,64.8,45.2,2.038,1.548,10.4,11.8,5.6,5.2,6.8,8.4,12.946000000000002,11.628,2.15,1.6019999999999999,0
8,5,49.0,34.2,1.1540000000000001,1.218,13.6,12.4,4.6,3.6,6.4,6.0,16.468,12.187999999999999,1.456,0.9039999999999999,0
9,0,47.2,54.6,1.058,1.4380000000000002,11.4,12.8,4.2,4.0,3.6,7.0,18.612000000000002,6.15,0.8019999999999999,1.9099999999999997,0
10,11,49.6,57.0,0.658,2.228,8.0,19.0,2.8,5.6,5.2,13.2,13.868,11.541999999999998,0.49399999999999994,1.938,0
13,19,30.4,52.8,1.354,1.514,12.0,13.0,3.4,4.6,10.0,6.6,11.884,10.35,1.1740000000000002,1.334,0
17,15,46.2,41.4,1.704,1.2,14.4,14.6,6.2,4.0,8.0,6.8,9.222000000000001,13.197999999999999,1.388,0.74,0
18,16,58.4,38.6,0.8640000000000001,0.916,9.2,8.8,2.0,3.6,4.6,2.4,11.707999999999998,14.118,0.9099999999999999,0.35200000000000004,1
2,13,45.4,43.4,1.634,1.176,15.0,15.0,4.2,5.0,8.2,6.2,8.156,9.746,1.314,1.04,1
0,6,47.0,53.0,1.334,1.714,15.0,9.6,4.0,3.6,9.4,6.6,12.516,21.830000000000002,1.752,1.5379999999999998,1
4,18,59.8,38.6,2.17,1.188,13.0,9.8,4.8,3.2,10.8,5.4,10.798,18.866000000000003,1.998,1.266,2
5,7,62.8,42.8,2.0700000000000003,1.184,21.2,11.0,6.8,3.8,12.2,4.6,9.882,16.176,2.076,1.3679999999999999,2
11,17,61.2,35.2,2.1980000000000004,1.396,16.4,10.8,4.4,3.6,11.6,7.2,7.254,9.588,2.056,1.3299999999999998,2
12,1,66.2,58.4,2.28,1.384,15.4,12.2,5.8,4.8,9.4,5.4,12.505999999999998,12.181999999999999,2.16,1.45,2
14,9,53.0,29.0,2.386,1.202,14.2,10.8,5.2,4.0,8.2,3.6,10.31,15.282,1.8,0.612,2
15,3,55.0,43.4,1.2020000000000002,1.542,9.4,10.6,4.4,4.0,4.0,7.6,18.148,9.144,1.142,1.56,0
16,8,47.8,34.6,0.7,1.252,8.4,10.6,2.4,4.0,3.6,4.4,12.986,15.373999999999999,0.7419999999999999,1.064,0
19,10,37.2,44.0,1.4140000000000001,0.586,11.8,7.8,4.0,2.4,4.2,2.0,12.831999999999999,19.164,1.3679999999999999,0.20799999999999996,2
12,19,53.0,52.8,2.1279999999999997,1.338,16.0,12.0,5.6,4.2,9.2,5.2,11.518,9.01,1.8,1.386,2
18,17,55.0,40.2,1.016,1.308,10.2,9.8,2.8,3.8,5.4,7.4,13.173999999999998,12.634,1.1400000000000001,1.204,1
4,14,51.8,58.0,2.0140000000000002,1.3920000000000001,13.6,8.2,5.6,2.4,11.4,5.4,9.218,13.75,1.7880000000000003,1.22,1
0,2,40.4,50.8,1.4120000000000001,1.7260000000000002,15.0,15.2,3.8,5.6,9.4,6.4,12.222,6.924000000000001,1.544,1.7880000000000003,0
1,8,62.8,37.8,2.4579999999999997,1.33,17.2,12.8,6.6,4.2,10.8,5.0,9.998000000000001,14.51,2.0420000000000003,1.1480000000000001,2
3,13,42.8,52.6,1.592,1.272,14.0,16.8,4.0,5.0,9.4,7.6,11.814,8.904,1.5419999999999998,1.31,2
5,11,60.0,58.6,1.9460000000000002,2.3020000000000005,18.8,17.2,7.6,6.0,11.4,12.0,10.744,12.425999999999998,2.006,1.9740000000000002,2
6,15,61.6,41.4,2.052,1.1119999999999999,13.6,11.8,3.8,3.8,4.8,4.6,10.824,14.202000000000002,1.8240000000000003,0.726,1
7,9,61.8,29.0,1.69,1.1620000000000001,9.6,10.8,4.8,3.4,6.4,3.8,14.078,17.380000000000003,1.8199999999999998,0.5940000000000001,1
10,16,49.6,36.4,0.568,0.8480000000000001,7.4,9.8,2.0,3.6,5.4,3.8,12.99,14.963999999999999,0.446,0.518,2
11,0,66.2,64.6,2.326,1.8219999999999998,19.4,15.8,5.4,4.8,12.8,12.6,6.164,6.1739999999999995,2.178,2.146,1
8,7,51.8,41.6,1.104,1.1640000000000001,13.0,10.0,4.2,3.2,6.2,3.8,13.572,16.96,1.29,1.562,0
9,3,47.2,41.2,0.9359999999999999,1.454,10.6,10.0,3.4,3.6,3.4,6.8,14.626000000000001,9.808,0.784,1.5059999999999998,0
2,1,52.4,59.6,1.4259999999999997,1.6079999999999999,13.8,11.6,3.8,4.8,8.0,5.2,8.518,13.439999999999998,1.268,1.7120000000000002,0
13,18,40.6,39.0,1.318,1.198,12.4,9.4,3.6,3.0,10.2,5.8,11.690000000000001,17.566,1.494,1.286,0
14,5,67.8,38.8,2.964,1.068,17.0,13.0,5.4,4.4,10.8,7.2,8.758,10.258,2.188,1.08,2
15,10,46.0,44.0,0.522,0.706,9.4,7.6,3.6,2.6,4.2,2.0,16.598,18.912,0.6920000000000001,0.25399999999999995,1
16,12,40.4,40.8,0.694,1.2839999999999998,7.6,10.8,2.2,4.8,2.6,7.2,14.484,12.042,0.772,1.5,1
17,6,57.2,50.4,1.9300000000000002,1.7259999999999998,16.0,10.4,6.2,3.8,8.0,6.8,8.038,25.172,1.672,1.4700000000000002,0
19,4,38.2,58.2,1.53,2.1,14.2,13.2,4.2,5.6,6.0,7.8,14.282,11.478,1.3960000000000001,1.41,0
0,14,42.4,62.0,1.548,1.688,13.6,10.2,4.2,3.2,8.4,7.6,13.74,13.48,1.592,1.6300000000000001,2
1,17,54.8,35.0,2.136,1.1599999999999997,14.2,9.2,6.0,3.0,8.0,6.6,12.446000000000002,12.882,1.8519999999999999,1.056,2
3,8,49.4,31.0,1.9780000000000002,1.184,12.4,12.8,4.4,3.8,8.6,5.6,11.348,13.865999999999996,1.706,0.954,0
4,11,50.4,54.6,1.636,2.044,12.4,15.6,5.2,5.0,10.2,11.6,9.65,13.578,1.504,1.612,2
5,13,59.8,52.6,2.054,1.3679999999999999,18.4,17.8,7.0,5.4,9.6,8.0,12.152000000000001,9.434000000000001,2.0,1.272,2
6,19,63.8,54.4,2.058,1.252,14.2,10.0,3.2,3.6,5.0,4.2,11.2,10.306000000000001,1.8820000000000001,1.4620000000000002,2
7,16,47.8,41.8,1.23,0.7220000000000001,8.6,9.6,4.0,3.2,4.0,4.0,12.524,16.25,1.4540000000000002,0.476,2
10,9,52.4,33.8,0.844,1.182,9.0,10.8,2.4,3.8,5.2,2.6,13.394,19.238,0.842,0.732,2
12,2,56.0,41.4,2.184,1.592,14.6,14.2,5.0,4.6,9.6,6.4,10.126,7.228,1.8939999999999997,1.52,2
18,15,53.4,41.4,1.112,1.1740000000000002,9.8,12.6,2.6,4.2,5.0,4.8,12.185999999999998,10.93,1.374,0.738,0
15,5,45.8,38.8,0.774,1.068,11.2,13.4,4.0,5.0,4.0,6.6,15.65,10.870000000000001,0.9180000000000001,1.1139999999999999,0
14,7,68.2,42.0,2.6060000000000003,1.14,17.4,9.4,5.6,3.8,13.2,3.8,10.220000000000002,14.065999999999999,2.208,1.566,0
13,1,45.4,57.6,1.4780000000000002,1.698,13.0,11.6,4.2,5.0,8.4,5.2,13.748,14.697999999999999,1.65,1.9899999999999998,2
11,6,63.8,54.0,2.596,2.232,19.8,13.0,5.8,4.8,13.2,7.8,7.218000000000001,23.627999999999997,2.098,1.548,1
17,4,57.4,61.0,1.698,2.23,13.2,12.6,5.0,5.0,5.4,7.2,8.014000000000001,12.426,1.334,1.8060000000000003,0
16,0,40.4,53.4,0.692,1.9100000000000001,6.8,16.6,2.0,5.2,3.0,12.8,15.963999999999999,6.928,0.828,1.826,0
19,3,44.0,37.4,1.4900000000000002,1.312,12.6,10.2,3.8,3.4,7.0,7.0,14.24,9.884,1.3399999999999999,1.4120000000000001,1
2,10,47.4,39.8,1.504,0.8940000000000001,14.2,7.6,4.0,3.4,8.4,3.0,7.752,19.830000000000002,1.44,0.40199999999999997,2
9,18,39.2,40.8,0.69,1.424,9.8,10.2,3.0,3.4,3.0,6.0,17.462,17.778,0.554,1.326,0
8,12,41.4,53.2,0.9040000000000001,1.452,11.8,14.6,3.4,5.0,8.0,10.6,12.394,9.959999999999999,1.012,1.8579999999999999,0
