match_id,teams_home,teams_away,chances_home,chances_away,chances_draw,goals_home,goals_away,xg_home,xg_away,shots_home,shots_away,shots on target_home,shots on target_away,deep_home,deep_away,ppda_home,ppda_away,xpts_home,xpts_away,home_team_id,away_team_id,result,home_xg_shr5,away_xg_shr5,home_goals_shr5,away_goals_shr5,home_shots_shr5,away_shots_shr5,home_shots_on_target_shr5,away_shots_on_target_shr5,home_deep_shr5,away_deep_shr5,home_ppda_shr5,away_ppda_shr5,home_xpts_shr5,away_xpts_shr5,home_chance_prob_shr5,away_chance_prob_shr5,home_chance_draw_prob_shr5,away_chance_draw_prob_shr5,home_win_rate_shr5,away_win_rate_shr5,home_matches_played_roll5,away_matches_played_roll5,xg_diff_shr5,chance_prob_diff_shr5,form_diff_shr5
26602,Manchester United,Fulham,81.0,4.0,15.0,1,0,2.04,0.42,14,10,5,2,7,3,7.38,10.83,2.57,0.28,13,8,2.0,1.544142857142857,1.5575,1.4,1.4,12.8,12.8,4.4,4.4,6.8,6.9,11.8335,11.877,1.3893333333333333,1.4105,0.3890833333333333,0.3956666666666666,0.20525,0.20425,0.4,0.4,0.0,0.0,-0.0004999999999998,-0.0036666666666667,0.0
26603,Ipswich,Liverpool,1.0,98.0,1.0,0,2,0.34,3.93,7,19,2,5,2,13,18.78,8.74,0.03,2.96,9,11,0.0,1.544142857142857,1.5575,1.4,1.4,12.8,12.8,4.4,4.4,6.8,6.9,11.8335,11.877,1.3893333333333333,1.4105,0.3890833333333333,0.3956666666666666,0.20525,0.20425,0.4,0.4,0.0,0.0,-0.0004999999999998,-0.0036666666666667,0.0
26604,Arsenal,Wolverhampton Wanderers,65.0,12.0,23.0,2,0,1.63,0.58,18,9,6,3,14,2,7.77,10.82,2.19,0.58,0,19,2.0,1.544142857142857,1.5575,1.4,1.4,12.8,12.8,4.4,4.4,6.8,6.9,11.8335,11.877,1.3893333333333333,1.4105,0.3890833333333333,0.3956666666666666,0.20525,0.20425,0.4,0.4,0.0,0.0,-0.0004999999999998,-0.0036666666666667,0.0
26605,Everton,Brighton,5.0,79.0,16.0,0,3,0.41,1.79,9,10,1,5,4,5,18.33,7.92,0.31,2.53,7,4,0.0,1.544142857142857,1.5575,1.4,1.4,12.8,12.8,4.4,4.4,6.8,6.9,11.8335,11.877,1.3893333333333333,1.4105,0.3890833333333333,0.3956666666666666,0.20525,0.20425,0.4,0.4,0.0,0.0,-0.0004999999999998,-0.0036666666666667,0.0
26606,Newcastle United,Southampton,4.0,80.0,16.0,1,0,0.43,1.95,3,19,1,5,4,13,16.25,3.79,0.28,2.56,14,16,2.0,1.544142857142857,1.5575,1.4,1.4,12.8,12.8,4.4,4.4,6.8,6.9,11.8335,11.877,1.3893333333333333,1.4105,0.3890833333333333,0.3956666666666666,0.20525,0.20425,0.4,0.4,0.0,0.0,-0.0004999999999998,-0.0036666666666667,0.0
26607,Nottingham Forest,Bournemouth,20.0,55.0,25.0,1,1,1.24,1.91,14,13,8,4,10,4,8.65,9.95,0.85,1.89,15,2,1.0,1.544142857142857,1.5575,1.4,1.4,12.8,12.8,4.4,4.4,6.8,6.9,11.8335,11.877,1.3893333333333333,1.4105,0.3890833333333333,0.3956666666666666,0.20525,0.20425,0.4,0.4,0.0,0.0,-0.0004999999999998,-0.0036666666666667,0.0
26608,West Ham,Aston Villa,41.0,36.0,23.0,1,2,2.8,2.67,14,15,3,3,5,8,9.33,11.3,1.47,1.3,18,1,0.0,1.544142857142857,1.5575,1.4,1.4,12.8,12.8,4.4,4.4,6.8,6.9,11.8335,11.877,1.3893333333333333,1.4105,0.3890833333333333,0.3956666666666666,0.20525,0.20425,0.4,0.4,0.0,0.0,-0.0004999999999998,-0.0036666666666667,0.0
26609,Brentford,Crystal Palace,42.0,26.0,32.0,2,1,1.38,1.15,9,14,5,6,1,4,12.67,7.72,1.59,1.1,3,6,2.0,1.544142857142857,1.5575,1.4,1.4,12.8,12.8,4.4,4.4,6.8,6.9,11.8335,11.877,1.3893333333333333,1.4105,0.3890833333333333,0.3956666666666666,0.20525,0.20425,0.4,0.4,0.0,0.0,-0.0004999999999998,-0.0036666666666667,0.0
26610,Chelsea,Manchester City,30.0,37.0,33.0,0,2,1.06,1.18,10,11,3,5,8,10,10.06,15.06,1.24,1.44,5,12,0.0,1.544142857142857,1.5575,1.4,1.4,12.8,12.8,4.4,4.4,6.8,6.9,11.8335,11.877,1.3893333333333333,1.4105,0.3890833333333333,0.3956666666666666,0.20525,0.20425,0.4,0.4,0.0,0.0,-0.0004999999999998,-0.0036666666666667,0.0
26611,Leicester,Tottenham,25.0,45.0,30.0,1,1,1.03,1.41,7,15,3,7,2,21,20.69,5.48,1.06,1.65,10,17,1.0,1.544142857142857,1.5575,1.4,1.4,12.8,12.8,4.4,4.4,6.8,6.9,11.8335,11.877,1.3893333333333333,1.4105,0.3890833333333333,0.3956666666666666,0.20525,0.20425,0.4,0.4,0.0,0.0,-0.0004999999999998,-0.0036666666666667,0.0
26612,Brighton,Manchester United,60.0,16.0,24.0,2,1,2.14,1.29,14,11,5,4,10,8,12.5,16.78,2.04,0.72,4,13,2.0,1.593333333333333,1.6349999999999998,1.6666666666666667,1.3333333333333333,12.333333333333334,13.0,4.5,4.5,6.5,6.833333333333333,11.205833333333333,11.115833333333333,1.5916666666666666,1.5983333333333334,0.4591666666666666,0.4625000000000001,0.1970833333333333,0.1954166666666666,0.5,0.5,1.0,1.0,-0.0416666666666667,-0.0033333333333334,0.0
26613,Crystal Palace,West Ham,33.0,40.0,27.0,0,2,1.38,1.53,14,18,2,3,6,5,6.91,13.73,1.26,1.47,6,18,0.0,1.4866666666666666,1.7616666666666667,1.3333333333333333,1.3333333333333333,13.0,13.0,4.666666666666667,4.166666666666667,6.333333333333333,6.5,11.1725,11.440833333333332,1.3533333333333333,1.415,0.3708333333333333,0.3958333333333333,0.22375,0.20875,0.3333333333333333,0.3333333333333333,1.0,1.0,-0.2750000000000001,-0.0249999999999999,0.0
26614,Fulham,Leicester,66.0,13.0,21.0,2,1,1.96,0.86,18,10,6,4,7,1,10.26,13.7,2.19,0.59,8,10,2.0,1.365,1.4666666666666666,1.1666666666666667,1.3333333333333333,12.333333333333334,11.833333333333334,4.0,4.166666666666667,6.166666666666667,6.0,11.690833333333332,13.334166666666668,1.2166666666666666,1.346666666666667,0.3341666666666666,0.3691666666666666,0.1954166666666666,0.2204166666666666,0.3333333333333333,0.3333333333333333,1.0,1.0,-0.1016666666666665,-0.0349999999999999,0.0
26615,Manchester City,Ipswich,94.0,3.0,3.0,4,1,3.08,0.48,14,1,5,1,15,1,8.15,17.41,2.88,0.07,12,9,2.0,1.4916666666666665,1.3516666666666666,1.5,1.1666666666666667,12.5,11.833333333333334,4.5,4.0,7.333333333333333,6.0,12.395833333333334,13.015833333333331,1.41,1.175,0.3891666666666666,0.3291666666666666,0.2254166666666666,0.1720833333333333,0.5,0.3333333333333333,1.0,1.0,0.1399999999999999,0.06,0.1666666666666666
26616,Southampton,Nottingham Forest,3.0,94.0,3.0,0,1,0.21,2.86,5,23,1,8,4,9,8.14,18.48,0.07,2.88,16,15,0.0,1.62,1.5016666666666667,1.1666666666666667,1.3333333333333333,13.833333333333334,13.0,4.5,5.0,7.833333333333333,7.333333333333333,10.5175,11.3275,1.596666666666667,1.3116666666666663,0.4608333333333334,0.3608333333333333,0.1970833333333333,0.2120833333333333,0.3333333333333333,0.3333333333333333,1.0,1.0,0.1183333333333331,0.1,0.0
26617,Tottenham,Everton,84.0,8.0,8.0,4,0,2.61,0.65,13,10,7,1,9,5,6.3,12.72,2.63,0.26,17,7,2.0,1.53,1.3633333333333333,1.3333333333333333,1.1666666666666667,13.166666666666666,12.166666666666666,4.833333333333333,3.8333333333333335,9.166666666666666,6.333333333333333,10.799166666666666,12.940833333333332,1.445,1.2216666666666665,0.4025,0.3358333333333334,0.2204166666666666,0.1970833333333333,0.3333333333333333,0.3333333333333333,1.0,1.0,0.1666666666666667,0.0666666666666666,0.0
26618,Aston Villa,Arsenal,31.0,39.0,30.0,0,2,1.32,1.41,11,9,3,4,3,10,17.28,5.83,1.24,1.46,1,0,0.0,1.74,1.5666666666666664,1.5,1.5,13.166666666666666,13.666666666666666,4.166666666666667,4.666666666666667,7.0,8.0,11.769166666666663,11.180833333333332,1.3866666666666667,1.535,0.3875,0.4358333333333333,0.20875,0.20875,0.5,0.5,1.0,1.0,0.1733333333333335,-0.0483333333333333,0.0
26619,Wolverhampton Wanderers,Chelsea,49.0,29.0,22.0,2,6,2.42,2.03,12,14,4,8,8,6,14.43,7.04,1.69,1.09,19,5,0.0,1.3916666666666666,1.471666666666667,1.1666666666666667,1.1666666666666667,12.166666666666666,12.333333333333334,4.166666666666667,4.166666666666667,6.0,7.0,11.689166666666663,11.5625,1.2666666666666666,1.3766666666666667,0.3475,0.3775,0.20875,0.2254166666666666,0.3333333333333333,0.3333333333333333,1.0,1.0,-0.08,-0.03,0.0
26620,Bournemouth,Newcastle United,54.0,23.0,23.0,1,1,2.54,1.89,16,14,4,5,8,9,9.2,9.07,1.85,0.91,2,14,1.0,1.6133333333333333,1.3666666666666665,1.3333333333333333,1.3333333333333333,12.833333333333334,11.166666666666666,4.333333333333333,3.8333333333333335,6.333333333333333,6.333333333333333,11.544166666666667,12.594166666666666,1.485,1.2166666666666666,0.4191666666666667,0.3341666666666666,0.2120833333333333,0.1970833333333333,0.3333333333333333,0.5,1.0,1.0,0.2466666666666668,0.085,-0.1666666666666666
26621,Liverpool,Brentford,89.0,5.5,5.5,2,0,2.72,0.46,19,8,8,2,21,2,10.13,32.4,2.76,0.15,11,3,2.0,1.95,1.5249999999999997,1.5,1.5,13.833333333333334,12.166666666666666,4.5,4.5,7.833333333333333,5.833333333333333,11.3425,11.9975,1.663333333333333,1.4349999999999998,0.4908333333333334,0.3975,0.1720833333333333,0.22375,0.5,0.5,1.0,1.0,0.4250000000000002,0.0933333333333333,0.0
26622,Arsenal,Brighton,53.0,25.0,22.0,1,1,2.42,1.82,11,22,7,4,6,6,9.25,9.63,1.81,0.97,0,4,1.0,1.544285714285714,1.6714285714285713,1.5714285714285714,1.7142857142857142,13.0,12.571428571428571,4.571428571428571,4.571428571428571,8.285714285714286,7.0,10.41642857142857,11.390714285714283,1.5242857142857142,1.6557142857142857,0.4292857142857142,0.4792857142857143,0.2217857142857142,0.2032142857142857,0.5714285714285714,0.5714285714285714,2.0,2.0,-0.1271428571428572,-0.0500000000000001,0.0
26623,Brentford,Southampton,83.0,8.5,8.5,3,1,3.86,1.65,20,18,7,6,15,14,14.57,8.22,2.61,0.29,3,16,2.0,1.3728571428571428,1.4185714285714286,1.2857142857142858,1.0,11.571428571428571,12.571428571428571,4.142857142857143,4.0,5.285714285714286,7.285714285714286,14.912142857142856,10.177857142857144,1.2514285714285711,1.3785714285714283,0.3485714285714286,0.3992857142857143,0.1996428571428571,0.1732142857142857,0.4285714285714285,0.2857142857142857,2.0,2.0,-0.0457142857142858,-0.0507142857142857,0.1428571428571428
26624,Everton,Bournemouth,30.0,48.0,22.0,2,3,2.56,2.96,18,17,8,7,15,7,8.3,7.1,1.12,1.66,7,2,0.0,1.2614285714285711,1.7457142857142856,1.0,1.2857142857142858,11.857142857142858,13.285714285714286,3.4285714285714284,4.285714285714286,6.142857142857143,6.571428571428571,12.909285714285714,11.209285714285716,1.0842857142857143,1.5371428571428571,0.2992857142857143,0.4364285714285714,0.1803571428571428,0.2146428571428571,0.2857142857142857,0.2857142857142857,2.0,2.0,-0.4842857142857142,-0.1371428571428571,0.0
26625,Ipswich,Fulham,20.0,49.0,31.0,1,1,0.71,1.19,11,9,4,4,2,4,9.26,10.9,0.92,1.77,9,8,1.0,1.227142857142857,1.4499999999999995,1.1428571428571428,1.2857142857142858,10.285714285714286,13.142857142857142,3.5714285714285716,4.285714285714286,5.285714285714286,6.285714285714286,13.643571428571429,11.486428571428572,1.0171428571428571,1.3557142857142854,0.2864285714285714,0.3807142857142857,0.1517857142857142,0.1974999999999999,0.2857142857142857,0.4285714285714285,2.0,2.0,-0.2228571428571426,-0.0942857142857143,-0.1428571428571428
26626,Leicester,Aston Villa,6.0,76.0,18.0,1,2,0.77,2.16,9,10,3,5,3,6,6.4,10.47,0.37,2.45,10,1,0.0,1.38,1.68,1.2857142857142858,1.2857142857142858,11.571428571428571,12.857142857142858,4.142857142857143,4.0,5.285714285714286,6.428571428571429,13.38642857142857,12.55642857142857,1.2385714285714289,1.3657142857142854,0.335,0.3764285714285714,0.2189285714285714,0.2217857142857142,0.2857142857142857,0.4285714285714285,2.0,2.0,-0.2999999999999998,-0.0414285714285713,-0.1428571428571428
26627,Nottingham Forest,Wolverhampton Wanderers,47.0,20.0,33.0,1,1,1.41,0.94,16,11,5,3,9,4,6.55,6.41,1.74,0.94,15,19,1.0,1.6957142857142855,1.5385714285714285,1.2857142857142858,1.2857142857142858,14.428571428571429,12.142857142857142,5.428571428571429,4.142857142857143,7.571428571428571,6.285714285714286,12.349285714285712,12.080714285714285,1.5357142857142858,1.327142857142857,0.4435714285714285,0.3678571428571429,0.1860714285714285,0.2103571428571428,0.4285714285714285,0.2857142857142857,2.0,2.0,0.157142857142857,0.0757142857142856,0.1428571428571428
26628,West Ham,Manchester City,8.0,84.0,8.0,1,3,0.95,3.19,10,23,2,8,5,21,20.76,12.13,0.25,2.64,18,12,0.0,1.7285714285714284,1.7185714285714284,1.4285714285714286,1.8571428571428572,13.714285714285714,12.714285714285714,4.0,4.571428571428571,6.285714285714286,8.428571428571429,11.767857142857142,11.789285714285716,1.4228571428571428,1.62,0.3964285714285714,0.4678571428571429,0.2175,0.1974999999999999,0.4285714285714285,0.5714285714285714,2.0,2.0,0.01,-0.0714285714285714,-0.1428571428571428
26629,Newcastle United,Tottenham,35.0,36.0,29.0,2,1,1.59,1.63,9,20,3,6,5,9,8.76,4.31,1.34,1.37,14,17,2.0,1.4414285714285715,1.6842857142857142,1.2857142857142858,1.7142857142857142,11.571428571428571,13.142857142857142,4.0,5.142857142857143,6.714285714285714,9.142857142857142,12.090714285714284,10.156428571428572,1.1728571428571428,1.614285714285714,0.3192857142857143,0.4649999999999999,0.2017857142857142,0.2003571428571428,0.4285714285714285,0.4285714285714285,2.0,2.0,-0.2428571428571426,-0.1457142857142856,0.0
26630,Chelsea,Crystal Palace,94.0,3.0,3.0,1,1,2.98,0.46,13,9,7,3,4,6,11.44,19.79,2.87,0.08,5,6,1.0,1.5514285714285714,1.4714285714285713,1.8571428571428572,1.1428571428571428,12.571428571428571,13.142857142857142,4.714285714285714,4.285714285714286,6.857142857142857,6.285714285714286,10.91642857142857,10.563571428571429,1.3357142857142856,1.34,0.365,0.365,0.2246428571428571,0.2303571428571428,0.4285714285714285,0.2857142857142857,2.0,2.0,0.08,0.0,0.1428571428571428
26631,Manchester United,Liverpool,24.0,51.0,25.0,0,3,1.5,2.1,8,11,3,3,6,9,12.5,11.69,0.97,1.78,13,11,0.0,1.5857142857142856,2.06,1.2857142857142858,1.5714285714285714,12.714285714285714,14.571428571428571,4.428571428571429,5.0,7.0,9.714285714285714,11.925,11.169285714285715,1.4728571428571426,1.82,0.4192857142857143,0.5478571428571428,0.2017857142857142,0.1553571428571428,0.4285714285714285,0.5714285714285714,2.0,2.0,-0.4742857142857144,-0.1285714285714285,-0.1428571428571428
26632,Southampton,Manchester United,6.0,78.0,16.0,0,3,1.36,3.03,6,20,4,10,3,17,10.86,10.34,0.34,2.5,16,13,0.0,1.4474999999999998,1.575,1.0,1.125,13.25,12.125,4.25,4.25,8.125,6.875,9.933125,11.996875,1.2425,1.41,0.36,0.396875,0.1621874999999999,0.2078124999999999,0.25,0.375,3.0,3.0,-0.1275000000000001,-0.0368749999999999,-0.125
26633,Brighton,Ipswich,66.0,9.0,25.0,0,0,1.76,0.72,21,6,6,1,12,1,3.84,14.73,2.24,0.52,4,9,1.0,1.69,1.1625,1.625,1.125,13.75,10.375,4.5,3.625,6.875,4.875,11.170625,13.095625,1.5699999999999998,1.005,0.450625,0.275625,0.2053124999999999,0.1715625,0.5,0.25,3.0,3.0,0.5275000000000001,0.175,0.25
26634,Fulham,West Ham,87.0,6.5,6.5,1,1,2.89,0.68,21,11,5,3,6,4,4.69,6.87,2.7,0.2,8,18,1.0,1.4175,1.63125,1.25,1.375,12.625,13.25,4.25,3.75,6.0,6.125,11.413125,12.891875,1.4075,1.27625,0.394375,0.356875,0.2115625,0.2003125,0.375,0.375,3.0,3.0,-0.2137499999999998,0.0374999999999999,0.0
26635,Liverpool,Nottingham Forest,52.0,15.0,33.0,0,1,1.17,0.59,14,5,5,3,6,4,3.73,17.06,1.89,0.78,11,15,0.0,2.065,1.66,1.75,1.25,14.125,14.625,4.75,5.375,9.625,7.75,11.234375,11.624375,1.815,1.5612499999999998,0.543125,0.446875,0.1671875,0.2040625,0.625,0.375,3.0,3.0,0.405,0.0962499999999999,0.25
26636,Crystal Palace,Leicester,68.0,14.0,18.0,2,2,2.89,1.65,20,9,4,4,15,7,4.91,14.32,2.22,0.59,6,10,1.0,1.345,1.30375,1.125,1.25,12.625,11.25,4.125,4.0,6.25,5.0,11.716875,12.513125,1.1825,1.13,0.323125,0.300625,0.2053125,0.2140625,0.25,0.25,3.0,3.0,0.04125,0.0224999999999999,0.0
26637,Manchester City,Brentford,48.0,24.0,28.0,2,1,1.55,1.05,18,8,7,5,22,6,16.37,24.25,1.72,1.0,12,3,2.0,1.9025,1.68375,2.0,1.5,14.0,12.625,5.0,4.5,10.0,6.5,11.831875,14.869375,1.7474999999999998,1.42125,0.514375,0.40875,0.1828125,0.1853125,0.625,0.5,3.0,3.0,0.21875,0.105625,0.125
26638,Aston Villa,Everton,89.0,5.5,5.5,3,2,3.16,0.85,17,6,8,2,9,3,5.26,16.33,2.76,0.16,1,7,2.0,1.74,1.42375,1.375,1.125,12.5,12.625,4.125,4.0,6.375,7.25,12.295625,12.333125,1.50125,1.08875,0.424375,0.299375,0.2165625,0.1853125,0.5,0.25,3.0,3.0,0.3162499999999999,0.125,0.25
26639,Bournemouth,Chelsea,53.0,18.0,29.0,0,1,1.54,0.93,19,10,7,3,5,9,11.27,9.5,1.88,0.83,2,5,0.0,1.8975,1.73,1.5,1.75,13.75,12.625,4.625,5.0,6.625,6.5,10.695625,10.981875,1.5525,1.5275,0.441875,0.436875,0.2153125,0.2003125,0.375,0.375,3.0,3.0,0.1674999999999999,0.005,0.0
26640,Tottenham,Arsenal,23.0,45.0,32.0,0,1,0.79,1.12,15,7,5,4,10,3,5.88,13.59,1.02,1.67,17,0,0.0,1.6775,1.65375,1.625,1.5,14.0,12.75,5.25,4.875,9.125,8.0,9.425625,10.270625,1.58375,1.56,0.451875,0.441875,0.2115625,0.2215625,0.375,0.5,3.0,3.0,0.0237499999999999,0.01,-0.125
26641,Wolverhampton Wanderers,Newcastle United,36.0,37.0,27.0,1,2,1.47,1.48,12,14,5,6,6,10,9.58,12.37,1.34,1.39,19,14,0.0,1.46375,1.46,1.25,1.375,12.0,11.25,4.0,3.875,6.0,6.5,11.371875,11.674375,1.27875,1.19375,0.346875,0.323125,0.2253125,0.2128125,0.25,0.5,3.0,3.0,0.0037499999999999,0.02375,-0.25
26642,West Ham,Chelsea,8.0,77.0,15.0,0,3,0.76,2.4,15,12,7,5,12,9,9.71,16.29,0.38,2.47,18,5,0.0,1.5255555555555556,1.641111111111111,1.3333333333333333,1.6666666666666667,13.0,12.333333333333334,3.6666666666666665,4.777777777777778,5.888888888888889,6.777777777777778,12.222777777777775,10.81722222222222,1.1566666666666667,1.4500000000000002,0.3244444444444444,0.4083333333333333,0.1852777777777777,0.2102777777777777,0.3333333333333333,0.4444444444444444,4.0,4.0,-0.1155555555555554,-0.0838888888888889,-0.1111111111111111
26643,Southampton,Ipswich,70.0,13.0,17.0,1,1,2.9,1.65,11,13,3,6,7,5,8.8,9.24,2.26,0.56,16,9,1.0,1.4377777777777778,1.1133333333333333,0.8888888888888888,1.0,12.444444444444445,9.88888888888889,4.222222222222222,3.3333333333333335,7.555555555555555,4.444444444444445,10.03611111111111,13.277222222222225,1.1422222222222222,0.951111111111111,0.3266666666666667,0.255,0.1619444444444444,0.1802777777777778,0.2222222222222222,0.2222222222222222,4.0,4.0,0.3244444444444445,0.0716666666666667,0.0
26644,Leicester,Everton,26.0,48.0,26.0,1,1,1.34,1.82,12,16,2,5,8,6,8.42,19.31,1.04,1.7,10,7,1.0,1.3422222222222222,1.36,1.3333333333333333,1.2222222222222223,11.0,11.88888888888889,4.0,3.7777777777777777,5.222222222222222,6.777777777777778,12.713888888888889,12.777222222222225,1.0699999999999998,0.9855555555555556,0.2827777777777778,0.2722222222222222,0.2102777777777777,0.1708333333333333,0.2222222222222222,0.2222222222222222,4.0,4.0,-0.0177777777777776,0.0105555555555555,0.0
26645,Liverpool,Bournemouth,60.0,20.0,20.0,3,0,2.44,1.47,19,19,13,6,13,6,11.85,16.09,2.0,0.8,11,2,2.0,1.9655555555555553,1.8577777777777775,1.5555555555555556,1.3333333333333333,14.11111111111111,14.333333333333334,4.777777777777778,4.888888888888889,9.22222222222222,6.444444444444445,10.400555555555554,10.759444444444444,1.8233333333333333,1.5888888888888888,0.5405555555555556,0.4516666666666667,0.1852777777777777,0.2236111111111111,0.5555555555555556,0.3333333333333333,4.0,4.0,0.1077777777777775,0.0888888888888888,0.2222222222222222
26646,Fulham,Newcastle United,83.0,8.5,8.5,3,1,3.21,1.1,22,15,11,4,7,3,13.04,11.46,2.59,0.29,8,14,2.0,1.5811111111111111,1.4622222222222223,1.2222222222222223,1.4444444444444444,13.555555555555555,11.555555555555555,4.333333333333333,4.111111111111111,6.0,6.888888888888889,10.666111111111112,11.751666666666669,1.551111111111111,1.2155555555555555,0.4472222222222222,0.3283333333333333,0.1952777777777777,0.2191666666666666,0.3333333333333333,0.5555555555555556,4.0,4.0,0.1188888888888888,0.1188888888888888,-0.2222222222222222
26647,Aston Villa,Wolverhampton Wanderers,84.0,8.0,8.0,3,1,2.37,0.52,9,10,4,4,9,4,11.8,13.5,2.65,0.24,1,19,2.0,1.8977777777777776,1.4644444444444444,1.5555555555555556,1.2222222222222223,13.0,12.0,4.555555555555555,4.111111111111111,6.666666666666667,6.0,11.51388888888889,11.172777777777778,1.641111111111111,1.2855555555555556,0.4761111111111111,0.3483333333333333,0.1986111111111111,0.2302777777777777,0.5555555555555556,0.2222222222222222,4.0,4.0,0.4333333333333331,0.1277777777777778,0.3333333333333333
26648,Tottenham,Brentford,94.0,3.0,3.0,3,1,3.89,0.89,23,6,10,6,17,5,9.19,9.11,2.87,0.09,17,3,2.0,1.5788888888888888,1.6133333333333333,1.4444444444444444,1.4444444444444444,14.11111111111111,12.11111111111111,5.222222222222222,4.555555555555555,9.22222222222222,6.444444444444445,9.031666666666666,15.911666666666664,1.521111111111111,1.3744444444444444,0.4272222222222221,0.3899999999999999,0.2236111111111111,0.1958333333333333,0.3333333333333333,0.4444444444444444,4.0,4.0,-0.0344444444444445,0.0372222222222222,-0.1111111111111111
26649,Crystal Palace,Manchester United,22.0,54.0,24.0,0,0,1.67,2.35,9,15,4,6,5,12,18.33,6.11,0.91,1.86,6,13,1.0,1.5166666666666666,1.7366666666666666,1.2222222222222223,1.3333333333333333,13.444444444444445,13.0,4.111111111111111,4.888888888888889,7.222222222222222,8.0,10.960555555555556,11.812777777777775,1.2977777777777777,1.531111111111111,0.3627777777777778,0.4394444444444444,0.2024999999999999,0.2024999999999999,0.2222222222222222,0.4444444444444444,4.0,4.0,-0.2199999999999999,-0.0766666666666666,-0.2222222222222222
26650,Brighton,Nottingham Forest,39.0,30.0,31.0,2,2,1.57,1.37,14,4,3,3,4,3,5.3,22.75,1.48,1.21,4,15,1.0,1.6977777777777776,1.541111111111111,1.4444444444444444,1.2222222222222223,14.555555555555555,13.555555555555555,4.666666666666667,5.111111111111111,7.444444444444445,7.333333333333333,10.356111111111112,12.228333333333332,1.6444444444444446,1.4744444444444444,0.4738888888888888,0.4138888888888888,0.2102777777777777,0.2180555555555555,0.4444444444444444,0.4444444444444444,4.0,4.0,0.1566666666666665,0.06,0.0
26651,Manchester City,Arsenal,72.0,10.0,18.0,2,2,2.76,1.28,33,5,11,3,13,1,8.36,13.07,2.34,0.48,12,0,1.0,1.8633333333333333,1.5944444444444443,2.0,1.4444444444444444,14.444444444444445,12.11111111111111,5.222222222222222,4.777777777777778,11.333333333333334,7.444444444444445,12.336111111111112,10.639444444444443,1.7444444444444445,1.572222222222222,0.5105555555555555,0.4427777777777778,0.1936111111111111,0.2324999999999999,0.6666666666666666,0.5555555555555556,4.0,4.0,0.2688888888888889,0.0677777777777777,0.111111111111111
26652,Newcastle United,Manchester City,39.0,32.0,29.0,1,1,1.34,1.27,11,16,4,6,7,16,12.1,6.31,1.45,1.25,14,12,1.0,1.426,1.953,1.4,2.0,11.9,16.3,4.1,5.8,6.5,11.5,11.7225,11.9385,1.123,1.804,0.304,0.5315,0.20575,0.19225,0.5,0.6,5.0,5.0,-0.5270000000000001,-0.2274999999999999,-0.0999999999999999
26653,Nottingham Forest,Fulham,12.0,62.0,26.0,0,1,0.61,1.44,11,14,1,2,8,4,20.07,8.26,0.61,2.13,15,8,0.0,1.524,1.7439999999999998,1.3,1.4,12.6,14.4,4.9,5.0,6.9,6.1,13.2805,10.9035,1.448,1.655,0.4024999999999999,0.4855,0.22725,0.1842499999999999,0.4,0.4,5.0,5.0,-0.2199999999999997,-0.083,0.0
26654,Everton,Crystal Palace,34.0,35.0,31.0,2,1,1.11,1.12,8,17,2,5,6,8,12.5,9.33,1.33,1.35,7,6,2.0,1.406,1.532,1.2,1.1,12.3,13.0,3.9,4.1,6.7,7.0,13.4305,11.6975,1.057,1.259,0.293,0.3485,0.17975,0.20625,0.2,0.2,5.0,5.0,-0.1260000000000001,-0.0554999999999999,0.0
26655,Arsenal,Leicester,100.0,0.0,0.0,4,2,6.05,0.34,36,5,16,3,21,4,4.63,29.44,3.0,0.0,0,10,2.0,1.563,1.342,1.5,1.3,11.4,11.1,4.6,3.8,6.8,5.5,10.8825,12.2845,1.463,1.067,0.4085,0.2805,0.22725,0.21525,0.5,0.2,5.0,5.0,0.2209999999999998,0.1279999999999999,0.3
26656,Brentford,West Ham,15.0,46.0,39.0,1,1,0.37,0.88,8,19,3,3,7,12,10.06,27.7,0.84,1.77,3,18,1.0,1.541,1.4489999999999998,1.4,1.2,11.5,13.2,4.7,4.0,6.3,6.5,15.2315,11.9715,1.246,1.079,0.354,0.3,0.17925,0.18175,0.4,0.3,5.0,5.0,0.092,0.0539999999999999,0.1
26657,Chelsea,Brighton,88.0,6.0,6.0,4,2,3.66,1.21,15,15,7,5,10,7,25.23,8.14,2.72,0.2,5,4,2.0,1.717,1.685,1.8,1.5,12.3,14.5,4.8,4.5,7.0,7.1,11.3645,9.8505,1.552,1.628,0.4445,0.4655,0.20425,0.2202499999999999,0.5,0.4,5.0,5.0,0.032,-0.021,0.0999999999999999
26658,Wolverhampton Wanderers,Liverpool,6.0,77.0,17.0,1,2,0.75,2.12,7,10,3,6,2,11,14.0,14.78,0.35,2.48,19,11,0.0,1.37,2.013,1.2,1.7,11.8,14.6,4.1,5.6,5.8,9.6,11.4055,10.5455,1.1809999999999998,1.841,0.3215,0.5465,0.21525,0.18675,0.2,0.6,5.0,5.0,-0.643,-0.2249999999999999,-0.3999999999999999
26659,Ipswich,Aston Villa,56.0,19.0,25.0,2,2,1.85,1.14,15,7,5,3,6,5,16.56,11.91,1.92,0.82,9,1,1.0,1.167,1.945,1.0,1.7,10.2,12.6,3.6,4.5,4.5,6.9,12.873500000000002,11.5425,0.912,1.7420000000000002,0.2425,0.5125,0.17925,0.18675,0.2,0.6,5.0,5.0,-0.7779999999999998,-0.2699999999999999,-0.3999999999999999
26660,Manchester United,Tottenham,0.0,100.0,0.0,0,3,0.6,5.41,11,24,2,10,6,15,14.63,12.18,0.01,2.99,13,17,0.0,1.798,1.81,1.2,1.6,13.2,15.0,5.0,5.7,8.4,10.0,11.2425,9.0475,1.5639999999999998,1.656,0.4495,0.4785,0.20625,0.20425,0.4,0.4,5.0,5.0,-0.0119999999999997,-0.029,0.0
26661,Bournemouth,Southampton,57.0,15.0,28.0,3,1,1.44,0.7,14,9,6,3,7,7,11.59,11.75,2.0,0.73,2,16,2.0,1.8189999999999995,1.584,1.2,0.9,14.8,12.3,5.0,4.1,6.4,7.5,11.2925,9.9125,1.51,1.254,0.4265,0.364,0.22125,0.16275,0.3,0.2,5.0,5.0,0.2349999999999996,0.0625,0.0999999999999999
26662,Crystal Palace,Liverpool,7.0,76.0,17.0,0,1,0.61,2.07,9,16,5,4,3,11,23.94,5.56,0.38,2.45,6,11,0.0,1.529,1.832,1.1,1.7,13.3,13.7,4.0,5.7,7.4,9.4,11.8585,11.1495,1.284,1.7929999999999997,0.3575,0.5255,0.20525,0.2027499999999999,0.2,0.6,5.0,5.0,-0.3030000000000001,-0.1679999999999999,-0.3999999999999999
26663,Leicester,Bournemouth,12.0,65.0,23.0,1,0,0.91,1.95,6,17,2,2,2,7,13.4,8.5,0.59,2.19,10,2,2.0,1.273,1.7719999999999998,1.4,1.4,10.9,14.9,3.8,5.2,5.7,6.7,13.1595,11.4565,0.961,1.521,0.2555,0.4285,0.1852499999999999,0.2242499999999999,0.2,0.4,5.0,5.0,-0.4989999999999996,-0.173,-0.2
26664,Manchester City,Fulham,13.0,71.0,16.0,3,2,1.37,2.76,20,11,7,4,8,11,14.4,22.14,0.55,2.29,12,8,2.0,1.962,1.846,1.9,1.5,16.8,14.8,5.9,5.0,12.1,6.2,11.0635,10.6465,1.785,1.84,0.5265,0.5435,0.18825,0.1952499999999999,0.5,0.5,5.0,5.0,0.1160000000000001,-0.017,0.0
26665,West Ham,Ipswich,95.0,2.5,2.5,4,1,4.39,1.18,23,9,13,2,6,6,16.27,14.65,2.89,0.07,18,9,2.0,1.257,1.318,1.2,1.2,13.7,11.0,4.0,3.9,7.2,4.9,13.8085,12.6515,1.109,1.101,0.305,0.2975,0.19775,0.20325,0.3,0.2,5.0,5.0,-0.0609999999999999,0.0075,0.0999999999999999
26666,Arsenal,Southampton,81.0,9.5,9.5,3,1,3.25,1.27,29,8,6,2,14,3,8.1,15.44,2.54,0.33,0,16,2.0,2.005,1.459,1.7,1.0,13.2,11.3,5.6,3.9,7.5,6.9,10.5685,10.7085,1.544,1.071,0.4435,0.299,0.20425,0.17475,0.5,0.2,5.0,5.0,0.5459999999999998,0.1445,0.3
26667,Brentford,Wolverhampton Wanderers,96.0,2.0,2.0,5,3,4.14,0.7,19,17,12,6,9,10,11.83,8.95,2.92,0.05,3,19,2.0,1.44,1.387,1.3,1.3,11.4,11.6,4.5,4.1,6.9,5.8,14.970499999999998,11.7235,1.171,1.158,0.327,0.3155,0.18625,0.20925,0.3,0.2,5.0,5.0,0.0529999999999999,0.0115,0.0999999999999999
26668,Chelsea,Nottingham Forest,54.0,24.0,22.0,1,1,2.28,1.67,22,16,8,9,13,5,5.87,15.88,1.83,0.95,5,15,1.0,1.977,1.461,2.2,1.2,12.8,12.3,5.2,4.2,7.2,6.7,12.8815,14.4225,1.7,1.424,0.5025000000000001,0.3945,0.17725,0.2282499999999999,0.6,0.4,5.0,5.0,0.516,0.108,0.1999999999999999
26669,Everton,Newcastle United,8.0,67.0,25.0,0,0,0.69,1.79,8,14,2,3,3,11,15.77,5.86,0.49,2.26,7,14,1.0,1.476,1.517,1.4,1.4,12.2,12.7,4.0,4.4,6.9,6.8,12.8475,11.3075,1.159,1.24,0.3219999999999999,0.3390000000000001,0.19475,0.21875,0.3,0.4,5.0,5.0,-0.0409999999999999,-0.0170000000000001,-0.1
26670,Aston Villa,Manchester United,29.0,24.0,47.0,0,0,0.53,0.45,11,10,1,4,9,1,14.21,13.88,1.34,1.19,1,13,1.0,1.7920000000000005,1.654,1.7,1.1,11.8,12.9,4.5,4.7,6.6,8.3,11.6035,11.9675,1.6939999999999995,1.3079999999999998,0.4955,0.3685,0.1887499999999999,0.1912499999999999,0.5,0.3,5.0,5.0,0.1380000000000003,0.1269999999999999,0.2
26671,Brighton,Tottenham,61.0,17.0,22.0,3,2,1.97,1.09,11,13,4,3,4,10,12.43,12.88,2.06,0.72,4,17,2.0,1.627,2.21,1.4,1.8,15.0,15.9,4.5,6.0,7.3,9.4,9.8725,9.7175,1.395,1.7899999999999998,0.3924999999999999,0.5335,0.21025,0.17425,0.3,0.5,5.0,5.0,-0.583,-0.141,-0.2
26672,Tottenham,West Ham,51.0,22.0,27.0,4,1,1.44,0.86,22,11,7,4,11,6,6.16,8.67,1.8,0.93,17,18,2.0,2.0580000000000003,1.543,1.6,1.4,15.9,14.2,5.6,5.0,9.5,7.3,10.3755,14.0625,1.599,1.251,0.4665,0.36,0.18825,0.17325,0.4,0.3,5.0,5.0,0.5150000000000003,0.1065,0.1
26673,Fulham,Aston Villa,69.0,13.0,18.0,1,3,2.63,1.44,10,14,4,5,3,9,12.35,16.8,2.25,0.56,8,1,0.0,1.9259999999999995,1.713,1.5,1.7,14.1,11.8,4.8,4.3,6.6,7.2,11.8345,11.2965,1.85,1.704,0.5485,0.4934999999999999,0.19025,0.20575,0.4,0.5,5.0,5.0,0.2129999999999998,0.055,-0.0999999999999999
26674,Ipswich,Everton,25.0,48.0,27.0,0,2,1.17,1.61,13,11,2,8,3,9,11.43,15.89,1.01,1.72,9,7,0.0,1.388,1.48,1.2,1.4,11.8,12.0,4.0,4.1,5.4,6.7,12.3755,13.1525,1.101,1.182,0.297,0.3219999999999999,0.2027499999999999,0.2117499999999999,0.2,0.3,5.0,5.0,-0.092,-0.0249999999999999,-0.0999999999999999
26675,Manchester United,Brentford,59.0,17.0,24.0,2,1,1.77,0.89,23,8,11,2,12,3,16.11,16.24,2.02,0.74,13,3,2.0,1.5699999999999998,1.808,1.0,1.8,12.8,12.5,4.7,5.5,7.6,7.6,11.6775,12.9135,1.355,1.448,0.3765,0.4175,0.21425,0.18275,0.3,0.4,5.0,5.0,-0.238,-0.0409999999999999,-0.1
26676,Newcastle United,Brighton,44.0,32.0,24.0,0,1,1.94,1.68,21,10,6,5,14,6,5.87,16.53,1.55,1.2,14,4,0.0,1.507,1.61,1.3,1.5,12.7,14.7,4.2,4.4,7.0,6.7,10.9865,9.8655,1.375,1.397,0.383,0.3935,0.22075,0.20825,0.4,0.3,5.0,5.0,-0.1029999999999999,-0.0105,0.1
26677,Nottingham Forest,Crystal Palace,64.0,15.0,21.0,1,0,1.89,0.84,20,20,6,7,9,5,14.59,8.67,2.14,0.65,15,6,2.0,1.342,1.452,1.2,1.1,11.6,12.8,4.3,4.3,6.3,7.1,14.1625,13.5615,1.231,1.1960000000000002,0.3245,0.3315,0.24725,0.1952499999999999,0.3,0.2,5.0,5.0,-0.1099999999999998,-0.007,0.0999999999999999
26678,Southampton,Leicester,28.0,48.0,24.0,2,3,2.43,2.84,14,18,7,4,8,11,16.0,6.63,1.08,1.68,16,10,0.0,1.565,1.278,1.1,1.4,11.6,10.5,4.0,3.6,6.8,5.8,11.4385,13.129500000000002,1.097,0.961,0.3055,0.2545,0.1812499999999999,0.1872499999999999,0.2,0.3,5.0,5.0,0.2869999999999999,0.0509999999999999,-0.0999999999999999
26679,Liverpool,Chelsea,62.0,15.0,23.0,2,1,2.23,1.34,8,12,5,2,2,6,12.8,15.94,2.09,0.68,11,5,2.0,1.767,2.002,1.6,1.7,13.4,13.6,5.3,5.2,8.4,7.9,10.6925,12.7645,1.762,1.7740000000000002,0.5125,0.5275000000000001,0.21425,0.17725,0.6,0.5,5.0,5.0,-0.2349999999999996,-0.0150000000000001,0.0999999999999999
26680,Bournemouth,Arsenal,76.0,6.0,18.0,2,0,2.18,0.74,13,6,4,1,7,4,11.76,8.9,2.46,0.36,2,0,2.0,1.713,2.189,1.3,1.8,15.0,15.2,5.0,5.8,6.6,7.9,11.3865,10.7955,1.555,1.652,0.4395,0.4855,0.2242499999999999,0.18375,0.4,0.5,5.0,5.0,-0.4760000000000002,-0.0459999999999999,-0.0999999999999999
26681,Wolverhampton Wanderers,Manchester City,20.0,51.0,29.0,1,2,0.76,1.37,3,22,2,7,0,25,26.57,5.95,0.89,1.82,19,12,0.0,1.215,1.791,1.4,1.8,12.1,17.4,4.3,6.1,6.0,11.4,11.1755,11.6885,0.994,1.552,0.2685,0.4455,0.18925,0.20125,0.2,0.5,5.0,5.0,-0.5760000000000001,-0.177,-0.3
26682,Leicester,Nottingham Forest,9.5,81.0,9.5,1,3,0.83,2.54,11,20,1,5,8,6,5.13,14.19,0.28,2.58,10,15,0.0,1.485,1.39,1.6,1.2,11.4,12.0,3.7,4.4,6.6,6.3,13.152499999999998,14.9665,1.092,1.271,0.2965,0.3415,0.1932499999999999,0.23525,0.4,0.4,5.0,5.0,0.0949999999999999,-0.045,0.0
26683,Manchester City,Southampton,95.0,2.5,2.5,1,0,3.16,0.37,22,5,8,2,12,6,11.8,15.91,2.89,0.07,12,16,2.0,1.609,1.643,1.7,1.2,17.3,11.2,6.0,4.1,11.8,6.2,11.0705,12.2165,1.47,1.176,0.4125,0.325,0.22225,0.1967499999999999,0.5,0.2,5.0,5.0,-0.034,0.0874999999999999,0.3
26684,Aston Villa,Bournemouth,82.0,9.0,9.0,1,1,1.97,0.33,18,11,8,3,16,6,10.33,8.81,2.59,0.27,1,2,1.0,1.641,1.6350000000000002,1.8,1.2,12.2,14.6,4.3,4.7,7.5,6.6,11.9295,11.8525,1.515,1.6349999999999998,0.4305,0.4674999999999999,0.20575,0.2202499999999999,0.5,0.4,5.0,5.0,0.0059999999999997,-0.0369999999999999,0.0999999999999999
26685,Brentford,Ipswich,85.0,7.5,7.5,4,3,4.1,1.66,20,11,9,5,9,6,7.93,18.63,2.64,0.27,3,9,2.0,1.511,1.434,1.6,1.1,11.3,12.0,5.0,3.8,6.4,5.5,13.0805,12.5925,1.261,1.11,0.3515,0.302,0.19825,0.19875,0.3,0.2,5.0,5.0,0.0769999999999999,0.0494999999999999,0.0999999999999999
26686,Brighton,Wolverhampton Wanderers,47.0,26.0,27.0,2,2,1.51,1.11,19,14,6,7,12,3,9.96,11.27,1.67,1.06,4,19,1.0,1.596,1.1969999999999998,1.5,1.4,13.5,11.3,4.5,4.2,6.7,5.6,10.5555,13.1915,1.42,0.989,0.4004999999999999,0.2685,0.21025,0.18525,0.4,0.2,5.0,5.0,0.399,0.1319999999999999,0.2
26687,Everton,Fulham,19.0,53.0,28.0,1,1,0.88,1.5,10,14,5,3,7,7,21.18,10.95,0.84,1.87,7,8,1.0,1.385,2.07,1.4,1.5,11.3,14.2,4.1,4.8,6.1,6.5,13.9115,11.9795,1.242,1.898,0.34,0.5685,0.21675,0.17725,0.4,0.4,5.0,5.0,-0.6849999999999998,-0.2284999999999999,0.0
26688,Chelsea,Newcastle United,32.0,41.0,27.0,2,1,1.62,1.74,17,11,7,3,5,11,9.14,9.08,1.23,1.5,5,14,2.0,1.838,1.542,1.7,1.1,13.5,13.9,4.7,4.5,8.1,7.9,13.214499999999996,10.6975,1.5550000000000002,1.396,0.4485,0.392,0.1972499999999999,0.2157499999999999,0.5,0.3,5.0,5.0,0.2959999999999998,0.0564999999999999,0.2
26689,Crystal Palace,Tottenham,32.0,35.0,33.0,1,0,0.98,1.02,14,11,6,3,7,7,6.95,4.63,1.28,1.39,6,17,2.0,1.4899999999999998,2.039,1.0,1.9,13.9,16.1,4.7,5.7,7.0,9.7,12.4495,10.5605,1.253,1.642,0.3435,0.4815,0.21325,0.18625,0.2,0.5,5.0,5.0,-0.5490000000000004,-0.138,-0.3
26690,West Ham,Manchester United,48.0,30.0,22.0,2,1,2.99,2.63,12,18,3,5,7,7,21.08,10.29,1.67,1.11,18,13,2.0,1.5339999999999998,1.597,1.4,1.2,14.3,14.3,5.2,5.5,7.4,8.2,12.8535,12.0385,1.319,1.46,0.374,0.4115,0.1922499999999999,0.21325,0.3,0.4,5.0,5.0,-0.0630000000000001,-0.0375,-0.1
26691,Arsenal,Liverpool,26.0,43.0,31.0,2,2,1.09,1.35,9,9,3,4,6,8,8.07,8.27,1.09,1.59,0,11,1.0,2.021,1.78,1.7,1.5,14.7,13.1,5.2,5.5,7.7,7.7,10.7605,10.8035,1.507,1.793,0.4385,0.5235000000000001,0.17975,0.2122499999999999,0.5,0.6,5.0,5.0,0.2409999999999998,-0.085,-0.0999999999999999
26692,Bournemouth,Manchester City,41.0,36.0,23.0,2,1,2.45,2.35,12,19,6,4,6,17,15.05,13.0,1.46,1.31,2,12,2.0,1.514,1.77,1.3,1.6,13.8,17.7,4.3,6.1,6.7,10.8,11.6065,10.6135,1.474,1.587,0.4235,0.4594999999999999,0.2002499999999999,0.19675,0.4,0.5,5.0,5.0,-0.256,-0.0359999999999999,-0.0999999999999999
26693,Fulham,Brentford,53.0,18.0,29.0,2,1,1.43,0.74,26,5,12,2,13,2,6.0,12.33,1.88,0.83,8,3,2.0,1.931,1.8159999999999996,1.5,1.9,13.5,12.5,4.6,5.4,6.6,6.7,12.6055,11.4485,1.815,1.425,0.5345,0.4125,0.19875,0.17775,0.4,0.4,5.0,5.0,0.1150000000000002,0.122,0.0
26694,Newcastle United,Arsenal,31.0,34.0,35.0,1,0,0.86,0.91,9,10,4,1,9,9,13.21,5.24,1.28,1.37,14,0,2.0,1.568,2.018,1.0,1.8,13.6,14.9,4.2,5.1,8.0,8.0,10.3685,10.2085,1.407,1.449,0.396,0.4195,0.2157499999999999,0.17875,0.2,0.4,5.0,5.0,-0.4499999999999997,-0.0235,-0.2
26695,Ipswich,Leicester,16.0,63.0,21.0,1,1,1.34,2.34,14,20,2,6,4,10,11.32,10.62,0.69,2.11,9,10,1.0,1.528,1.403,1.4,1.5,12.5,11.6,4.2,3.4,6.0,6.7,12.982499999999998,12.2335,1.085,1.061,0.3005,0.292,0.18125,0.18475,0.2,0.4,5.0,5.0,0.125,0.0085,-0.2
26696,Liverpool,Brighton,58.0,19.0,23.0,2,1,1.81,1.02,16,13,8,5,10,5,10.46,8.06,1.97,0.79,11,4,2.0,1.798,1.5710000000000002,1.7,1.7,12.6,13.3,5.4,4.5,7.9,6.7,11.2575,11.1675,1.763,1.363,0.5145000000000001,0.3815,0.21025,0.21225,0.6,0.4,5.0,5.0,0.2269999999999998,0.133,0.1999999999999999
26697,Manchester United,Chelsea,63.0,14.0,23.0,1,1,2.16,1.21,11,12,4,3,4,8,8.15,10.21,2.11,0.66,13,5,1.0,1.557,1.907,1.0,1.8,14.1,14.2,5.0,5.1,7.2,7.7,12.0335,13.1785,1.321,1.595,0.3635,0.4625,0.21925,0.1952499999999999,0.3,0.5,5.0,5.0,-0.3500000000000001,-0.099,-0.2
26698,Nottingham Forest,West Ham,92.0,4.0,4.0,3,0,2.35,0.13,19,4,6,2,11,2,14.19,13.07,2.83,0.1,15,18,2.0,1.585,1.765,1.4,1.5,13.5,14.4,4.6,5.2,6.5,7.7,14.6795,14.2745,1.451,1.466,0.4075,0.4155,0.2117499999999999,0.2077499999999999,0.4,0.4,5.0,5.0,-0.1799999999999999,-0.008,0.0
26699,Southampton,Everton,8.0,72.0,20.0,1,0,0.54,1.79,9,16,2,5,6,4,9.24,15.0,0.43,2.36,16,7,2.0,1.544,1.388,1.2,1.3,11.1,11.7,3.9,4.4,6.5,6.5,12.7215,14.3965,1.149,1.31,0.3215,0.3535,0.1832499999999999,0.23925,0.2,0.4,5.0,5.0,0.1560000000000001,-0.032,-0.2
26700,Tottenham,Aston Villa,27.0,47.0,26.0,4,1,2.1,2.49,16,12,6,1,11,3,5.44,10.47,1.06,1.68,17,1,2.0,2.0620000000000003,1.5219999999999998,1.9,1.6,15.7,12.3,5.5,4.3,9.4,8.2,10.4355,12.4365,1.6789999999999998,1.498,0.4934999999999999,0.4235,0.1872499999999999,0.20925,0.5,0.4,5.0,5.0,0.5400000000000005,0.0699999999999999,0.0999999999999999
26701,Wolverhampton Wanderers,Crystal Palace,16.0,63.0,21.0,2,2,1.65,2.65,11,19,6,7,6,2,6.1,12.96,0.7,2.09,19,6,1.0,1.161,1.299,1.5,0.9,11.5,13.3,4.4,4.9,5.3,6.2,13.360499999999998,12.6535,0.961,1.159,0.2585,0.3075,0.18525,0.2282499999999999,0.2,0.3,5.0,5.0,-0.1379999999999999,-0.0489999999999999,-0.0999999999999999
26702,Brentford,Bournemouth,18.0,61.0,21.0,3,2,1.56,2.49,12,15,6,3,14,6,9.0,8.78,0.74,2.04,3,2,2.0,1.8009999999999995,1.612,1.9,1.5,12.4,13.1,5.0,4.3,6.4,6.7,11.7705,11.5025,1.499,1.5399999999999998,0.4275,0.4445,0.20375,0.20325,0.4,0.5,5.0,5.0,0.1889999999999996,-0.0169999999999999,-0.0999999999999999
26703,Brighton,Manchester City,44.0,33.0,23.0,2,1,2.87,2.6,10,15,4,6,5,4,13.57,17.47,1.56,1.21,4,12,2.0,1.516,1.729,1.6,1.5,13.2,16.3,4.7,5.4,6.8,11.2,11.4435,11.0775,1.294,1.484,0.3615,0.4235,0.20425,0.20175,0.4,0.5,5.0,5.0,-0.2129999999999998,-0.062,-0.0999999999999999
26704,Nottingham Forest,Newcastle United,19.0,55.0,26.0,1,3,1.18,1.87,9,17,3,6,4,10,10.7,13.83,0.84,1.9,15,14,0.0,1.6829999999999998,1.544,1.5,1.0,15.0,13.0,4.9,4.2,7.3,8.6,13.8235,10.5435,1.613,1.5059999999999998,0.4695,0.4185,0.18475,0.24225,0.5,0.3,5.0,5.0,0.1389999999999998,0.0509999999999999,0.2
26705,Chelsea,Arsenal,20.0,55.0,25.0,1,1,1.24,1.96,17,13,3,3,6,6,16.5,10.26,0.85,1.91,5,0,1.0,1.7879999999999998,1.981,1.6,1.6,14.2,15.4,4.9,4.9,7.6,8.8,12.5705,9.4255,1.414,1.5379999999999998,0.3995,0.4435,0.20325,0.1957499999999999,0.4,0.4,5.0,5.0,-0.193,-0.044,0.0
26706,Crystal Palace,Fulham,32.0,45.0,23.0,0,2,1.96,2.25,13,17,5,7,4,7,13.62,6.54,1.19,1.58,6,8,0.0,1.3969999999999998,1.753,1.1,1.4,14.3,13.9,5.2,4.7,5.9,7.2,12.1165,11.9015,1.277,1.7440000000000002,0.3485,0.5045,0.2252499999999999,0.21925,0.3,0.4,5.0,5.0,-0.3560000000000003,-0.1559999999999999,-0.1
26707,Liverpool,Aston Villa,62.0,18.0,20.0,2,0,2.68,1.66,14,12,5,2,7,4,8.62,17.68,2.07,0.73,11,1,2.0,1.735,1.534,1.6,1.4,12.3,12.6,4.9,4.0,7.6,7.6,11.1185,12.3035,1.7599999999999998,1.401,0.5125,0.3865,0.21325,0.22725,0.6,0.3,5.0,5.0,0.201,0.1259999999999999,0.3
26708,Manchester United,Leicester,60.0,11.0,29.0,3,0,1.24,0.42,13,6,3,5,2,5,10.14,14.6,2.09,0.62,13,10,2.0,1.5379999999999998,1.503,1.1,1.5,13.7,12.4,4.8,3.8,6.4,6.9,12.2375,12.4535,1.346,1.168,0.3724999999999999,0.329,0.21825,0.17975,0.3,0.4,5.0,5.0,0.0349999999999999,0.0434999999999999,-0.1
26709,Tottenham,Ipswich,25.0,49.0,26.0,1,2,1.75,2.18,17,8,5,3,10,6,6.63,9.35,1.01,1.73,17,9,0.0,1.883,1.497,2.0,1.4,15.0,12.6,5.1,3.8,8.8,5.9,10.0605,13.1905,1.498,1.098,0.4265,0.3035,0.21025,0.1852499999999999,0.5,0.2,5.0,5.0,0.3859999999999999,0.123,0.3
26710,West Ham,Everton,43.0,26.0,31.0,0,0,1.12,0.87,11,18,6,4,8,7,10.14,11.11,1.6,1.1,18,7,1.0,1.702,1.385,1.5,1.2,13.3,11.7,4.7,4.4,6.7,6.3,14.610499999999998,13.9655,1.438,1.376,0.4115,0.3775,0.19675,0.23325,0.4,0.4,5.0,5.0,0.3169999999999999,0.0339999999999999,0.0
26711,Wolverhampton Wanderers,Southampton,37.0,27.0,36.0,2,0,0.91,0.79,8,9,4,0,7,6,25.44,5.81,1.46,1.18,19,16,2.0,1.274,1.3079999999999998,1.6,1.2,11.6,10.9,4.6,3.8,5.5,6.4,12.6205,12.7655,1.007,0.966,0.2665,0.2595,0.1982499999999999,0.18625,0.2,0.3,5.0,5.0,-0.0339999999999998,0.007,-0.0999999999999999
26712,Bournemouth,Brighton,52.0,22.0,26.0,1,2,1.91,1.23,18,6,5,4,11,5,7.42,13.0,1.83,0.91,2,4,0.0,1.717,1.682,1.4,1.6,13.2,12.7,4.0,4.6,6.6,6.6,11.2215,11.9865,1.544,1.43,0.4485,0.3995,0.19625,0.22125,0.4,0.5,5.0,5.0,0.0350000000000001,0.0489999999999999,-0.0999999999999999
26713,Newcastle United,West Ham,52.0,21.0,27.0,0,2,1.5,0.94,18,15,2,6,6,5,9.45,14.11,1.84,0.9,14,18,0.0,1.597,1.7259999999999998,1.2,1.4,13.6,12.5,4.4,5.0,8.9,6.3,10.7165,12.854499999999998,1.551,1.4209999999999998,0.4345,0.4085,0.23925,0.18875,0.4,0.4,5.0,5.0,-0.1289999999999997,0.026,0.0
26714,Arsenal,Nottingham Forest,72.0,7.0,21.0,3,0,1.66,0.4,19,7,7,0,19,0,10.53,21.65,2.36,0.42,0,15,2.0,1.5719999999999998,1.7399999999999998,1.3,1.6,13.1,14.8,3.6,5.1,7.3,6.9,9.9885,12.886500000000002,1.4289999999999998,1.636,0.3985,0.4765,0.2207499999999999,0.18475,0.3,0.5,5.0,5.0,-0.1679999999999999,-0.0779999999999999,-0.2
26715,Everton,Brentford,41.0,31.0,28.0,0,0,1.6,1.34,27,9,5,2,8,1,14.87,7.96,1.5,1.22,7,3,1.0,1.361,1.92,1.0,2.1,12.7,12.8,4.6,5.3,6.4,7.1,13.8265,11.6645,1.353,1.489,0.3695,0.4305,0.23325,0.18575,0.3,0.5,5.0,5.0,-0.5589999999999999,-0.0609999999999999,-0.2
26716,Aston Villa,Crystal Palace,72.0,12.0,16.0,2,2,3.04,1.61,17,13,5,6,11,2,7.4,15.82,2.32,0.51,1,6,1.0,1.586,1.481,1.2,1.0,13.1,13.9,3.9,5.2,7.5,5.5,12.8805,12.5455,1.392,1.261,0.3855,0.3455,0.22225,0.2172499999999999,0.3,0.3,5.0,5.0,0.1049999999999999,0.04,0.0
26717,Fulham,Wolverhampton Wanderers,17.0,53.0,30.0,1,4,0.72,1.34,10,10,3,5,6,8,6.61,14.37,0.82,1.88,8,19,0.0,1.834,1.2899999999999998,1.5,1.7,14.2,11.7,5.2,4.7,7.5,6.0,11.7295,13.764499999999998,1.689,1.118,0.4875,0.2975,0.21625,0.21725,0.4,0.3,5.0,5.0,0.5440000000000003,0.19,0.1
26718,Ipswich,Manchester United,57.0,19.0,24.0,1,1,1.99,1.27,11,11,6,4,4,5,21.14,12.0,1.96,0.8,9,13,1.0,1.53,1.602,1.4,1.4,11.9,13.9,3.6,4.9,5.9,6.0,12.4695,11.7885,1.079,1.5539999999999998,0.2965,0.4325,0.18625,0.24725,0.3,0.4,5.0,5.0,-0.0719999999999998,-0.136,-0.1
26719,Leicester,Chelsea,7.5,85.0,7.5,1,2,0.97,2.82,4,16,1,7,3,13,13.29,8.35,0.22,2.66,10,5,0.0,1.511,1.5459999999999998,1.3,1.3,12.5,14.4,4.0,4.5,7.0,7.2,10.9695,11.6975,1.23,1.227,0.34,0.3315,0.20875,0.2222499999999999,0.4,0.3,5.0,5.0,-0.0349999999999999,0.0085,0.1
26720,Manchester City,Tottenham,17.0,66.0,17.0,0,4,2.16,3.3,23,9,5,7,14,8,6.62,28.3,0.68,2.14,12,17,0.0,1.862,1.517,1.5,1.8,16.2,14.3,5.4,4.6,10.0,8.3,12.1935,9.5055,1.48,1.3,0.4245,0.3515,0.19575,0.23625,0.5,0.4,5.0,5.0,0.3450000000000002,0.0729999999999999,0.0999999999999999
26721,Southampton,Liverpool,7.0,77.0,16.0,2,3,1.54,3.19,7,27,5,11,6,13,24.0,8.29,0.38,2.47,16,11,0.0,1.317,1.791,1.1,1.6,10.9,12.7,3.5,4.8,6.3,7.2,12.1715,10.5025,1.011,1.719,0.2714999999999999,0.4974999999999999,0.1942499999999999,0.21625,0.3,0.6,5.0,5.0,-0.474,-0.2259999999999999,-0.3
26722,Brentford,Leicester,71.0,9.0,20.0,4,1,2.22,0.91,13,7,6,3,7,3,7.61,14.42,2.32,0.48,3,10,2.0,1.64,1.517,1.6,1.3,11.8,12.3,4.3,3.9,6.3,7.1,11.2775,10.9585,1.319,1.193,0.3655,0.3355,0.21175,0.1932499999999999,0.4,0.3,5.0,5.0,0.123,0.03,0.1
26723,Brighton,Southampton,61.0,16.0,23.0,1,1,1.87,0.93,22,10,5,2,16,4,8.59,12.05,2.05,0.72,4,16,1.0,1.608,1.344,1.5,1.2,12.2,10.8,4.6,3.8,6.7,6.6,12.0435,13.0275,1.315,1.016,0.3604999999999999,0.269,0.22525,0.20075,0.5,0.3,5.0,5.0,0.264,0.0914999999999999,0.2
26724,Chelsea,Aston Villa,64.0,14.0,22.0,3,0,1.95,0.88,17,10,8,4,4,4,8.1,39.6,2.15,0.63,5,1,2.0,1.6,1.837,1.4,1.4,13.8,13.7,4.4,4.3,7.2,7.7,11.9455,12.1995,1.31,1.49,0.3625,0.4285,0.2077499999999999,0.19125,0.4,0.3,5.0,5.0,-0.2370000000000001,-0.066,0.1
26725,Crystal Palace,Newcastle United,94.0,3.0,3.0,1,1,2.3,0.02,16,1,4,0,11,2,8.85,9.5,2.88,0.06,6,14,1.0,1.581,1.568,1.2,1.2,14.3,14.0,5.3,4.3,5.4,8.4,11.7335,11.0755,1.2739999999999998,1.509,0.3505,0.4195,0.2162499999999999,0.2412499999999999,0.3,0.4,5.0,5.0,0.0129999999999999,-0.069,-0.1
26726,Liverpool,Manchester City,96.0,2.0,2.0,2,0,3.7,0.75,18,8,7,2,8,4,17.35,15.69,2.9,0.06,11,12,2.0,1.903,1.941,1.8,1.2,13.8,16.5,5.5,5.2,7.4,10.6,10.7755,11.4155,1.721,1.493,0.4985,0.4285,0.21525,0.19675,0.6,0.4,5.0,5.0,-0.0380000000000002,0.07,0.1999999999999999
26727,Manchester United,Everton,65.0,12.0,23.0,4,0,1.76,0.77,11,8,5,2,10,3,11.46,17.07,2.17,0.6,13,7,2.0,1.684,1.452,1.5,1.0,14.0,14.6,4.9,4.9,6.4,6.9,11.6005,13.7365,1.515,1.454,0.4275,0.4025,0.22425,0.23625,0.4,0.3,5.0,5.0,0.2319999999999999,0.025,0.1
26728,Nottingham Forest,Ipswich,76.0,6.0,18.0,1,0,1.77,0.46,12,7,5,3,3,5,12.88,7.72,2.47,0.35,15,9,2.0,1.6130000000000002,1.611,1.5,1.4,13.9,12.1,4.2,4.0,6.4,5.7,13.4635,13.1185,1.583,1.268,0.4594999999999999,0.351,0.18375,0.20775,0.5,0.3,5.0,5.0,0.0020000000000002,0.1084999999999999,0.2
26729,Tottenham,Fulham,21.0,51.0,28.0,1,1,1.01,1.57,8,14,3,6,7,7,19.31,11.35,0.91,1.81,17,8,1.0,1.738,1.63,2.0,1.4,13.9,14.1,5.0,5.1,8.1,7.0,11.0475,10.1765,1.442,1.542,0.4004999999999999,0.4335,0.23125,0.2302499999999999,0.5,0.4,5.0,5.0,0.1079999999999998,-0.033,0.0999999999999999
26730,West Ham,Arsenal,4.0,92.0,4.0,2,5,1.24,4.0,12,16,5,7,3,6,13.83,12.0,0.13,2.81,18,0,0.0,1.3809999999999998,1.4129999999999998,1.2,1.3,11.7,12.1,4.3,3.7,6.2,7.8,12.6385,10.2315,1.222,1.411,0.3345,0.3895,0.21325,0.2322499999999999,0.4,0.3,5.0,5.0,-0.032,-0.055,0.1
26731,Wolverhampton Wanderers,Bournemouth,5.0,90.0,5.0,2,4,0.87,3.08,10,12,3,8,8,4,11.31,10.74,0.16,2.77,19,2,0.0,1.354,1.7130000000000003,1.8,1.5,11.0,13.3,4.6,4.3,5.8,7.0,14.3065,11.1135,1.301,1.508,0.3485,0.4355,0.2452499999999999,0.19925,0.4,0.4,5.0,5.0,-0.3590000000000004,-0.087,0.0
26732,Bournemouth,Tottenham,91.0,4.5,4.5,1,0,3.28,0.62,21,12,8,4,10,11,7.06,3.59,2.8,0.13,2,17,2.0,1.803,1.6950000000000005,1.7,1.7,13.2,12.5,4.7,4.6,6.7,7.7,11.0115,12.3625,1.539,1.353,0.4495,0.3705,0.18625,0.2322499999999999,0.4,0.4,5.0,5.0,0.1079999999999998,0.079,0.0
26733,Arsenal,Manchester United,97.0,1.5,1.5,2,0,2.97,0.26,14,5,6,2,8,1,11.8,19.4,2.94,0.03,0,13,2.0,1.739,1.6829999999999998,1.8,1.7,13.1,12.8,4.3,4.3,8.0,6.2,10.5415,11.1355,1.656,1.5299999999999998,0.4755,0.4335,0.21825,0.22325,0.4,0.4,5.0,5.0,0.0560000000000002,0.0419999999999999,0.0
26734,Aston Villa,Brentford,83.0,8.5,8.5,3,1,3.22,1.13,20,9,10,1,11,5,11.11,7.26,2.6,0.28,1,3,2.0,1.781,1.773,1.1,1.9,13.3,12.3,4.2,4.7,7.2,6.7,14.479499999999998,10.4145,1.497,1.477,0.4295,0.4195,0.19525,0.20775,0.2,0.5,5.0,5.0,0.0079999999999997,0.0099999999999999,-0.3
26735,Everton,Wolverhampton Wanderers,53.0,18.0,29.0,4,0,1.5,0.85,13,6,4,2,7,4,10.18,7.71,1.89,0.82,7,19,2.0,1.368,1.3649999999999998,0.8,1.9,14.3,11.7,4.3,4.7,6.3,6.6,13.854499999999998,12.7805,1.342,1.228,0.3665,0.3335,0.23225,0.2212499999999999,0.2,0.4,5.0,5.0,0.0030000000000001,0.0329999999999999,-0.2
26736,Fulham,Brighton,20.0,47.0,33.0,3,1,0.67,1.1,6,13,2,3,3,2,18.71,13.65,0.93,1.74,8,4,2.0,1.5239999999999998,1.627,1.4,1.5,14.5,13.4,5.3,4.6,7.4,7.7,10.0765,11.2495,1.498,1.4,0.4155,0.3895,0.24025,0.22425,0.4,0.4,5.0,5.0,-0.1030000000000002,0.0259999999999999,0.0
26737,Ipswich,Crystal Palace,8.0,70.0,22.0,0,1,0.47,1.65,9,13,2,3,2,6,10.96,13.57,0.46,2.32,9,6,0.0,1.54,1.727,1.4,1.3,11.5,13.9,4.1,5.0,5.9,6.0,12.7475,11.7515,1.202,1.497,0.332,0.4295,0.19875,0.1982499999999999,0.3,0.3,5.0,5.0,-0.1869999999999998,-0.0974999999999999,0.0
26738,Leicester,West Ham,39.0,41.0,20.0,3,1,2.78,2.88,8,31,6,10,4,14,10.07,12.78,1.36,1.44,10,18,2.0,1.3239999999999998,1.419,1.1,1.3,11.2,11.8,3.8,4.4,6.3,5.9,11.7375,13.154500000000002,1.073,1.142,0.2965,0.3165,0.1892499999999999,0.1902499999999999,0.2,0.4,5.0,5.0,-0.0950000000000002,-0.02,-0.2
26739,Manchester City,Nottingham Forest,88.0,6.0,6.0,3,0,3.2,0.8,17,12,7,3,10,7,7.87,10.7,2.74,0.18,12,15,2.0,1.879,1.6009999999999998,1.0,1.5,15.1,13.1,4.7,4.1,8.5,5.8,12.3895,13.2925,1.317,1.616,0.3795,0.4715,0.16975,0.18075,0.3,0.5,5.0,5.0,0.2780000000000002,-0.0919999999999999,-0.2
26740,Newcastle United,Liverpool,23.0,55.0,22.0,3,3,1.52,2.23,17,16,6,5,3,9,13.59,8.15,0.91,1.87,14,11,1.0,1.376,2.05,1.3,1.8,12.0,14.8,3.7,5.7,7.2,8.0,11.4385,11.2305,1.36,1.802,0.3785,0.5325,0.2202499999999999,0.1942499999999999,0.4,0.6,5.0,5.0,-0.6739999999999999,-0.1539999999999999,-0.1999999999999999
26741,Southampton,Chelsea,1.5,97.0,1.5,1,5,1.91,5.83,6,26,4,13,6,18,33.38,11.07,0.05,2.92,16,5,0.0,1.194,1.661,1.1,1.6,10.4,14.3,3.3,5.0,6.2,7.0,12.6325,11.1615,0.98,1.457,0.257,0.4115,0.19975,0.20675,0.3,0.5,5.0,5.0,-0.4670000000000001,-0.1545,-0.2
26742,Aston Villa,Southampton,89.0,5.5,5.5,1,0,2.51,0.39,18,4,5,0,13,7,7.89,8.85,2.75,0.16,1,16,2.0,1.906,1.348,1.3,1.2,13.5,10.5,4.4,3.5,6.7,6.2,14.5575,14.379500000000002,1.4979999999999998,0.978,0.4305,0.256,0.19475,0.19875,0.3,0.3,5.0,5.0,0.558,0.1745,0.0
26743,Brentford,Newcastle United,33.0,43.0,24.0,4,2,1.75,1.96,11,16,8,3,6,9,10.76,12.13,1.22,1.54,3,14,2.0,1.476,1.354,1.6,1.5,11.2,12.6,3.9,4.0,6.3,6.4,10.3475,11.8895,1.241,1.301,0.3429999999999999,0.3605,0.20875,0.21525,0.4,0.4,5.0,5.0,0.1220000000000001,-0.0175,0.0
26744,Manchester United,Nottingham Forest,61.0,13.0,26.0,2,3,1.47,0.65,17,11,7,3,7,4,3.21,26.38,2.08,0.66,13,15,0.0,1.4460000000000002,1.427,1.6,1.2,11.5,12.3,4.0,3.9,5.6,5.9,12.0465,12.9435,1.422,1.376,0.4049999999999999,0.3964999999999999,0.2027499999999999,0.17725,0.4,0.4,5.0,5.0,0.0190000000000001,0.0085,0.0
26745,Tottenham,Chelsea,53.0,26.0,21.0,3,4,3.25,2.57,13,17,5,8,8,16,9.86,7.96,1.81,0.98,17,5,0.0,1.6549999999999998,2.082,1.7,1.9,12.6,15.2,4.7,5.6,8.1,8.3,12.2585,11.3545,1.227,1.626,0.34,0.4765,0.2037499999999999,0.18125,0.4,0.5,5.0,5.0,-0.427,-0.1364999999999999,-0.0999999999999999
26746,West Ham,Wolverhampton Wanderers,29.0,44.0,27.0,2,1,1.2,1.48,19,19,4,5,7,6,9.04,8.04,1.15,1.58,18,19,2.0,1.408,1.339,1.2,1.7,13.7,10.9,5.1,4.2,6.6,6.7,12.3245,12.4245,1.119,1.204,0.3095,0.3255,0.1882499999999999,0.22325,0.3,0.4,5.0,5.0,0.0689999999999999,-0.016,-0.1
26747,Crystal Palace,Manchester City,27.0,47.0,26.0,2,2,1.21,1.58,12,12,3,4,6,16,38.8,8.23,1.06,1.67,6,12,1.0,1.7939999999999998,1.883,1.3,1.2,13.8,14.6,4.7,4.6,5.9,8.3,12.4135,11.9965,1.6009999999999998,1.302,0.4674999999999999,0.3724999999999999,0.18725,0.17325,0.3,0.3,5.0,5.0,-0.0889999999999999,0.095,0.0
26748,Everton,Liverpool,31.0,34.0,35.0,2,2,0.91,0.93,10,6,3,4,2,2,17.72,4.56,1.28,1.37,7,11,1.0,1.4300000000000002,2.138,1.1,1.9,14.6,15.5,4.2,5.8,6.3,8.1,12.754499999999998,11.2185,1.4469999999999998,1.8299999999999996,0.4004999999999999,0.5445,0.23325,0.1852499999999999,0.3,0.6,5.0,5.0,-0.7079999999999997,-0.144,-0.3
26749,Fulham,Arsenal,1.5,97.0,1.5,1,1,0.15,2.43,2,12,2,4,0,12,24.36,8.68,0.03,2.94,8,0,1.0,1.441,1.927,1.6,1.8,13.7,13.6,5.2,4.6,7.0,8.2,10.8525,10.9145,1.404,1.841,0.3825,0.5465,0.24525,0.18875,0.5,0.5,5.0,5.0,-0.486,-0.1639999999999999,0.0
26750,Ipswich,Bournemouth,9.0,82.0,9.0,1,2,1.57,3.49,18,22,5,6,12,12,9.4,5.13,0.3,2.59,9,2,0.0,1.421,2.098,1.1,1.7,11.3,14.2,3.8,5.2,5.5,7.1,11.9805,10.8365,1.221,1.7920000000000005,0.3325,0.5315000000000001,0.21325,0.18175,0.3,0.5,5.0,5.0,-0.6769999999999998,-0.199,-0.2
26751,Leicester,Brighton,45.0,26.0,29.0,2,2,1.42,1.12,10,16,3,7,3,5,14.5,12.42,1.64,1.07,10,4,1.0,1.519,1.586,1.3,1.4,10.9,12.8,4.3,4.3,5.9,6.7,12.2315,11.6185,1.1809999999999998,1.407,0.3259999999999999,0.3895,0.19975,0.23025,0.3,0.4,5.0,5.0,-0.0669999999999999,-0.0635000000000001,-0.1
26752,Liverpool,Fulham,58.0,19.0,23.0,2,2,2.1,1.29,16,12,4,3,8,6,7.7,38.75,1.97,0.8,11,8,1.0,2.05,1.313,1.9,1.5,14.5,11.3,5.4,4.2,7.3,5.7,10.6285,12.6885,1.77,1.219,0.5205,0.331,0.1972499999999999,0.21775,0.5,0.4,5.0,5.0,0.7369999999999999,0.1894999999999999,0.0999999999999999
26753,Manchester City,Manchester United,6.0,78.0,16.0,1,2,0.64,2.05,10,10,3,3,4,5,16.94,7.93,0.34,2.5,12,13,0.0,1.8060000000000005,1.377,1.3,1.7,13.9,12.1,4.6,4.3,8.2,5.9,11.5195,11.5525,1.338,1.419,0.3835,0.403,0.17625,0.20575,0.3,0.4,5.0,5.0,0.4290000000000002,-0.0195,-0.1
26754,Bournemouth,West Ham,42.0,33.0,25.0,1,1,2.05,1.82,29,16,9,3,10,6,11.47,10.89,1.51,1.25,2,18,1.0,2.2020000000000004,1.515,1.7,1.4,15.2,15.2,5.2,5.3,7.7,7.1,9.8445,11.9215,1.905,1.224,0.5725,0.3344999999999999,0.16775,0.21125,0.5,0.4,5.0,5.0,0.6870000000000005,0.238,0.0999999999999999
26755,Arsenal,Everton,72.0,3.0,25.0,0,0,1.31,0.13,13,2,5,0,12,2,5.05,19.78,2.42,0.34,0,7,1.0,2.0789999999999997,1.342,1.9,1.3,13.8,14.0,4.9,4.0,8.5,6.1,11.2585,13.0265,1.998,1.339,0.6094999999999999,0.3595,0.15525,0.24825,0.5,0.3,5.0,5.0,0.7369999999999997,0.2499999999999999,0.2
26756,Brighton,Crystal Palace,11.5,77.0,11.5,1,3,1.32,3.01,17,13,5,5,9,6,4.76,14.14,0.4,2.46,4,6,0.0,1.596,1.65,1.5,1.3,13.1,13.1,4.5,4.3,6.7,6.3,12.0545,14.9975,1.435,1.498,0.3964999999999999,0.4315,0.23625,0.19225,0.4,0.3,5.0,5.0,-0.0539999999999998,-0.035,0.1
26757,Chelsea,Brentford,59.0,20.0,21.0,2,1,2.59,1.66,26,9,8,4,13,6,8.76,14.63,1.97,0.82,5,3,2.0,2.218,1.577,2.2,1.9,15.7,11.8,6.1,4.5,9.1,6.7,11.129499999999998,10.1905,1.658,1.2799999999999998,0.4885,0.358,0.17925,0.20375,0.6,0.5,5.0,5.0,0.641,0.1305,0.0999999999999999
26758,Wolverhampton Wanderers,Ipswich,22.0,52.0,26.0,1,2,1.24,1.73,16,10,6,5,11,4,11.61,12.36,0.93,1.81,19,9,0.0,1.3219999999999998,1.444,1.6,1.1,11.7,11.7,4.1,4.1,6.7,6.3,12.6185,11.7885,1.292,1.182,0.3535,0.3255,0.2292499999999999,0.20125,0.4,0.3,5.0,5.0,-0.1220000000000001,0.028,0.1
26759,Southampton,Tottenham,4.5,91.0,4.5,0,5,1.27,3.89,9,18,3,9,2,10,17.48,10.67,0.14,2.79,16,17,0.0,1.3329999999999995,1.77,1.1,1.6,10.0,12.3,3.3,4.6,6.3,7.8,14.340499999999995,12.7005,0.951,1.302,0.2535,0.366,0.1842499999999999,0.1987499999999999,0.2,0.3,5.0,5.0,-0.4370000000000003,-0.1124999999999999,-0.0999999999999999
26760,Newcastle United,Leicester,99.0,0.5,0.5,4,0,3.95,0.19,27,4,11,1,21,3,11.37,14.83,2.98,0.01,14,10,2.0,1.464,1.427,1.6,1.4,13.3,9.9,3.9,4.0,6.4,5.2,11.7815,12.6195,1.327,1.134,0.3724999999999999,0.308,0.20425,0.20775,0.3,0.3,5.0,5.0,0.0369999999999999,0.0644999999999999,0.0
26761,Nottingham Forest,Aston Villa,86.0,7.0,7.0,2,1,2.29,0.39,17,8,6,2,5,7,17.31,16.93,2.69,0.2,15,1,2.0,1.257,1.908,1.2,1.3,11.5,14.1,3.6,4.8,5.2,7.7,14.1625,14.299499999999998,1.159,1.6049999999999998,0.3175,0.4725,0.1992499999999999,0.17425,0.4,0.4,5.0,5.0,-0.6509999999999998,-0.1549999999999999,0.0
26762,Aston Villa,Manchester City,63.0,16.0,21.0,2,1,2.06,1.1,11,12,6,6,7,4,18.36,19.6,2.09,0.69,1,12,2.0,1.781,1.61,1.4,1.3,13.7,13.4,4.8,4.3,8.0,8.2,14.2245,11.4665,1.552,1.251,0.4615,0.3565,0.1612499999999999,0.1692499999999999,0.4,0.3,5.0,5.0,0.1709999999999998,0.1049999999999999,0.1
26763,Fulham,Southampton,64.0,7.0,29.0,0,0,1.25,0.28,16,5,5,1,8,3,18.33,11.65,2.21,0.5,8,16,1.0,1.217,1.3809999999999998,1.5,1.1,10.8,10.0,3.8,3.6,5.6,5.9,15.9095,15.5075,1.141,0.8469999999999999,0.305,0.231,0.21775,0.15275,0.3,0.2,5.0,5.0,-0.1639999999999997,0.0739999999999999,0.0999999999999999
26764,Everton,Chelsea,20.0,48.0,32.0,0,0,1.07,1.52,5,12,4,5,0,2,14.43,4.78,0.92,1.77,7,5,1.0,1.268,2.353,1.3,2.3,12.4,16.6,3.6,6.6,5.6,9.8,13.8935,10.3555,1.263,1.77,0.3365,0.5275000000000001,0.24225,0.17525,0.3,0.7,5.0,5.0,-1.0849999999999995,-0.191,-0.3999999999999999
26765,Crystal Palace,Arsenal,9.0,75.0,16.0,1,5,1.61,3.05,15,14,6,6,3,6,17.3,12.83,0.43,2.42,6,0,0.0,1.7549999999999997,2.014,1.6,1.8,13.1,13.8,4.3,5.1,6.5,9.1,15.0495,10.7375,1.625,2.049,0.4765,0.6265,0.18075,0.15525,0.4,0.5,5.0,5.0,-0.2590000000000005,-0.1499999999999999,-0.0999999999999999
26766,Brentford,Nottingham Forest,27.0,39.0,34.0,0,2,0.77,0.96,7,10,3,6,11,6,4.86,15.22,1.15,1.5,3,15,0.0,1.587,1.368,1.7,1.3,11.5,12.3,4.3,3.9,5.9,5.3,10.7535,14.8235,1.2879999999999998,1.344,0.36,0.3844999999999999,0.20375,0.18025,0.4,0.5,5.0,5.0,0.219,-0.0244999999999999,-0.0999999999999999
26767,West Ham,Brighton,31.0,40.0,29.0,1,1,1.23,1.34,11,12,4,6,6,13,9.48,6.19,1.22,1.49,18,4,1.0,1.585,1.4409999999999998,1.5,1.4,15.7,13.8,5.0,4.6,6.9,7.1,11.9965,11.1735,1.189,1.319,0.3245,0.364,0.20525,0.22475,0.4,0.3,5.0,5.0,0.1440000000000001,-0.0394999999999999,0.1
26768,Tottenham,Liverpool,1.0,98.0,1.0,3,6,1.2,5.2,9,24,5,12,8,14,21.54,11.55,0.03,2.95,17,11,0.0,1.984,1.992,2.0,1.9,12.4,14.7,5.0,5.3,7.8,7.4,13.104500000000002,10.5365,1.48,1.7600000000000002,0.432,0.5165,0.1772499999999999,0.2002499999999999,0.4,0.4,5.0,5.0,-0.0080000000000002,-0.0844999999999999,0.0
26769,Manchester United,Bournemouth,48.0,27.0,25.0,0,3,2.29,1.83,23,10,7,5,14,3,7.35,9.23,1.68,1.06,13,2,0.0,1.4579999999999995,2.158,1.6,1.6,11.8,16.6,4.3,5.8,6.2,8.1,11.3315,10.1135,1.46,1.852,0.421,0.5535,0.19275,0.17175,0.4,0.5,5.0,5.0,-0.7000000000000002,-0.1325,-0.0999999999999999
26770,Leicester,Wolverhampton Wanderers,23.0,45.0,32.0,0,3,0.79,1.14,9,8,5,4,3,3,11.85,14.59,1.02,1.66,10,19,0.0,1.404,1.355,1.4,1.5,9.7,12.5,3.6,4.3,5.0,7.1,12.6425,11.2355,1.073,1.239,0.2975,0.3384999999999999,0.17925,0.21925,0.3,0.3,5.0,5.0,0.0489999999999999,-0.0409999999999999,0.0
26771,Ipswich,Newcastle United,8.0,84.0,8.0,0,4,1.06,3.23,10,15,2,7,0,14,17.78,12.26,0.26,2.64,9,14,0.0,1.3989999999999998,1.672,1.1,1.7,11.9,14.3,4.3,4.4,6.1,7.5,12.0895,11.5355,1.19,1.435,0.3285,0.4165,0.20125,0.17875,0.3,0.3,5.0,5.0,-0.2730000000000001,-0.0879999999999999,0.0
26772,Bournemouth,Crystal Palace,55.0,15.0,30.0,0,0,1.2,0.5,18,10,4,4,10,8,6.41,11.84,1.94,0.75,2,6,1.0,2.15,1.755,1.8,1.5,15.8,13.3,5.8,4.3,7.3,6.6,10.2945,15.1975,1.775,1.6170000000000002,0.5285,0.4734999999999999,0.17075,0.18075,0.6,0.4,5.0,5.0,0.3949999999999998,0.055,0.1999999999999999
26773,Arsenal,Ipswich,92.0,4.0,4.0,1,0,2.16,0.08,13,3,5,0,12,0,6.43,19.41,2.84,0.09,0,9,2.0,2.153,1.3059999999999998,2.0,1.0,13.3,11.8,5.0,3.9,7.8,5.7,10.9675,11.7535,2.0549999999999997,1.02,0.6295,0.2794999999999999,0.15025,0.18525,0.5,0.3,5.0,5.0,0.8470000000000002,0.35,0.2
26774,Brighton,Brentford,45.0,26.0,29.0,0,0,1.34,0.96,24,8,7,3,21,5,8.35,12.63,1.63,1.07,4,3,1.0,1.452,1.53,1.3,1.7,14.4,11.3,4.8,4.4,7.9,6.9,10.4925,10.4435,1.377,1.281,0.382,0.356,0.2277499999999999,0.20975,0.2,0.4,5.0,5.0,-0.078,0.026,-0.2
26775,Chelsea,Fulham,30.0,43.0,27.0,1,2,1.56,1.78,12,14,8,7,6,4,16.87,17.88,1.18,1.56,5,8,0.0,2.223,1.27,2.1,1.4,16.2,11.4,6.4,4.0,8.7,5.8,9.998499999999998,17.0815,1.6809999999999998,1.28,0.4905,0.352,0.19975,0.21675,0.6,0.3,5.0,5.0,0.9529999999999998,0.1385,0.3
26776,Liverpool,Leicester,83.0,8.5,8.5,3,1,1.9,0.22,19,4,7,1,26,0,5.48,78.0,2.64,0.22,11,10,2.0,2.193,1.386,2.2,1.3,14.4,10.2,5.4,4.0,7.5,5.0,10.8625,12.4985,1.808,1.153,0.5375,0.313,0.18525,0.20375,0.4,0.3,5.0,5.0,0.8070000000000002,0.2244999999999999,0.1
26777,Manchester City,Everton,83.0,8.5,8.5,1,1,2.52,0.65,24,8,5,3,18,1,10.67,28.09,2.61,0.26,12,7,1.0,1.504,1.215,1.4,1.3,12.3,10.2,4.4,3.5,7.2,4.8,12.764500000000002,13.8495,1.252,1.2049999999999998,0.3555,0.3155,0.17325,0.24625,0.3,0.3,5.0,5.0,0.2890000000000001,0.0399999999999999,0.0
26778,Newcastle United,Aston Villa,94.0,3.0,3.0,3,0,2.83,0.23,22,4,8,1,20,2,6.11,21.71,2.88,0.07,14,1,2.0,1.845,1.6829999999999998,2.1,1.4,14.0,13.1,4.9,4.9,8.3,7.6,11.8165,15.3205,1.515,1.529,0.4485,0.4525,0.15975,0.16625,0.4,0.5,5.0,5.0,0.1620000000000001,-0.004,-0.0999999999999999
26779,Nottingham Forest,Tottenham,42.0,27.0,31.0,1,0,1.3,1.06,10,13,3,4,5,9,23.15,5.4,1.58,1.12,15,17,2.0,1.424,1.7739999999999998,1.5,1.9,12.6,12.4,4.5,4.8,5.9,7.8,14.1805,12.4285,1.452,1.269,0.4165,0.367,0.1932499999999999,0.1612499999999999,0.6,0.3,5.0,5.0,-0.3499999999999998,0.0494999999999999,0.3
26780,Southampton,West Ham,44.0,31.0,25.0,0,1,2.2,1.9,18,16,5,2,9,6,7.97,18.86,1.58,1.17,16,18,0.0,1.255,1.614,0.9,1.4,9.8,15.3,3.2,4.8,5.6,7.0,14.2725,11.5335,0.859,1.221,0.231,0.3344999999999999,0.1657499999999999,0.20725,0.2,0.3,5.0,5.0,-0.359,-0.1034999999999999,-0.0999999999999999
26781,Wolverhampton Wanderers,Manchester United,52.0,12.0,36.0,2,0,0.83,0.36,7,11,4,4,4,2,10.52,7.47,1.92,0.72,19,13,2.0,1.335,1.56,1.4,1.5,12.3,13.0,4.2,4.6,6.6,7.1,11.2575,10.8665,1.217,1.5479999999999998,0.3304999999999999,0.45,0.22125,0.19375,0.3,0.4,5.0,5.0,-0.2250000000000001,-0.1195,-0.1
26782,Aston Villa,Brighton,63.0,14.0,23.0,2,2,1.88,0.94,20,13,4,4,13,6,9.95,8.59,2.12,0.65,1,4,1.0,1.618,1.399,1.4,1.2,12.5,14.6,4.6,5.0,7.4,8.4,13.5315,10.4685,1.473,1.335,0.4415,0.366,0.14725,0.2337499999999999,0.5,0.2,5.0,5.0,0.2189999999999998,0.0755,0.3
26783,Brentford,Arsenal,6.0,88.0,6.0,1,3,0.27,2.0,5,14,2,5,2,17,17.73,17.41,0.15,2.75,3,0,0.0,1.404,1.969,1.3,1.6,10.8,13.0,4.1,4.8,6.7,8.4,10.9455,10.4105,1.156,2.058,0.311,0.6295,0.21875,0.15025,0.3,0.5,5.0,5.0,-0.5650000000000002,-0.3184999999999999,-0.2
26784,Crystal Palace,Southampton,81.0,9.5,9.5,2,1,3.05,1.22,19,7,10,3,10,1,7.03,5.66,2.56,0.3,6,16,2.0,1.575,1.382,1.4,0.8,12.7,10.6,4.3,3.5,6.3,6.1,15.4965,13.864499999999998,1.404,0.945,0.3945,0.259,0.20775,0.16775,0.4,0.2,5.0,5.0,0.1929999999999998,0.1355,0.2
26785,Everton,Nottingham Forest,7.0,76.0,17.0,0,2,0.62,2.03,13,11,2,7,8,7,8.19,17.0,0.38,2.45,7,15,0.0,1.2029999999999998,1.377,1.4,1.5,10.2,12.4,3.6,4.3,4.6,6.1,14.9515,15.2075,1.171,1.363,0.312,0.3825,0.2317499999999999,0.20625,0.3,0.6,5.0,5.0,-0.1740000000000001,-0.0705,-0.3
26786,Fulham,Bournemouth,19.0,56.0,25.0,2,2,0.96,1.71,11,16,6,9,5,10,11.94,10.42,0.82,1.94,8,2,1.0,1.291,1.962,1.5,1.4,11.4,16.4,4.1,5.4,5.5,7.9,17.734499999999997,9.8615,1.255,1.6920000000000002,0.344,0.4935,0.2157499999999999,0.19575,0.4,0.5,5.0,5.0,-0.6710000000000003,-0.1495,-0.0999999999999999
26787,Ipswich,Chelsea,33.0,39.0,28.0,2,0,1.5,1.61,9,20,6,5,4,18,22.94,7.56,1.26,1.46,9,5,2.0,1.268,2.1839999999999997,1.0,1.9,11.4,15.7,3.6,6.4,5.2,8.9,12.9225,10.8755,0.994,1.584,0.2775,0.4565,0.17125,0.20475,0.3,0.5,5.0,5.0,-0.9159999999999996,-0.179,-0.2
26788,Leicester,Manchester City,44.0,30.0,26.0,0,2,1.84,1.58,11,14,4,5,5,9,15.32,27.64,1.58,1.15,10,12,0.0,1.3169999999999995,1.6809999999999998,1.3,1.5,9.9,13.9,3.8,4.7,4.7,8.6,18.8565,12.2625,1.127,1.507,0.3125,0.4365,0.19225,0.17975,0.3,0.3,5.0,5.0,-0.3640000000000001,-0.124,0.0
26789,Manchester United,Newcastle United,12.0,69.0,19.0,0,2,1.0,2.24,10,12,1,4,6,5,9.83,19.44,0.55,2.26,13,14,0.0,1.42,2.126,1.1,2.3,13.0,16.1,4.5,5.7,6.3,10.1,10.4675,11.4775,1.403,1.797,0.3969999999999999,0.5395000000000001,0.20675,0.15975,0.3,0.5,5.0,5.0,-0.706,-0.1425000000000001,-0.2
26790,Tottenham,Wolverhampton Wanderers,80.0,5.0,15.0,2,2,2.28,0.64,13,11,3,3,6,6,11.68,10.9,2.56,0.3,17,19,1.0,1.779,1.331,1.8,1.4,12.9,12.0,4.9,4.3,8.0,6.2,11.0375,11.1785,1.2899999999999998,1.393,0.373,0.3775,0.1642499999999999,0.25225,0.3,0.4,5.0,5.0,0.4479999999999999,-0.0045,-0.1
26791,West Ham,Liverpool,3.5,93.0,3.5,0,5,0.52,3.3,7,22,0,13,3,16,14.16,10.04,0.1,2.85,18,11,0.0,1.6800000000000002,2.0130000000000003,1.3,2.3,15.7,14.5,4.5,5.4,7.3,9.3,12.0365,9.6755,1.325,1.782,0.3615,0.5245,0.2282499999999999,0.19175,0.4,0.4,5.0,5.0,-0.3330000000000002,-0.1629999999999999,0.0
26792,Bournemouth,Everton,88.0,6.0,6.0,1,0,2.62,0.56,19,9,8,0,14,1,3.96,10.72,2.74,0.17,2,7,2.0,1.805,1.1149999999999998,1.5,1.0,15.9,10.2,5.5,3.4,7.9,4.7,10.1975,14.7525,1.606,1.02,0.4585,0.266,0.21625,0.2197499999999999,0.4,0.2,5.0,5.0,0.6900000000000004,0.1925,0.2
26793,Aston Villa,Leicester,80.0,4.0,16.0,2,1,2.35,0.82,13,4,5,2,9,3,9.03,20.84,2.56,0.28,1,10,2.0,1.484,1.223,1.3,1.0,12.5,10.2,4.0,3.6,7.6,4.8,13.4155,19.3815,1.425,1.149,0.4215,0.3175,0.16175,0.19825,0.4,0.2,5.0,5.0,0.2609999999999999,0.1039999999999999,0.2
26794,Brighton,Arsenal,36.0,36.0,28.0,1,1,1.77,1.81,11,9,4,3,4,8,14.77,10.83,1.36,1.36,4,0,1.0,1.383,1.8720000000000003,1.3,1.7,14.6,13.0,5.1,4.7,8.8,9.3,9.9625,10.9715,1.226,2.039,0.333,0.6205,0.2237499999999999,0.15475,0.2,0.5,5.0,5.0,-0.4890000000000003,-0.2875,-0.3
26795,Crystal Palace,Chelsea,30.0,43.0,27.0,1,1,1.28,1.52,13,15,6,1,6,16,19.29,9.27,1.17,1.55,6,5,1.0,1.715,1.7619999999999998,1.5,1.4,13.3,15.1,5.0,5.6,6.7,8.9,14.8425,10.5245,1.428,1.438,0.4054999999999999,0.3985,0.1952499999999999,0.23125,0.4,0.4,5.0,5.0,-0.0469999999999999,0.0069999999999999,0.0
26796,Fulham,Ipswich,70.0,10.0,20.0,2,2,2.65,1.44,15,7,4,3,5,2,8.19,13.75,2.29,0.51,8,9,1.0,1.3199999999999998,1.371,1.4,1.2,11.9,11.4,4.5,4.0,5.7,5.4,17.057499999999997,14.120499999999998,1.244,1.0739999999999998,0.3430000000000001,0.3025,0.2077499999999999,0.17725,0.3,0.4,5.0,5.0,-0.0510000000000001,0.0405,-0.1
26797,Liverpool,Manchester United,66.0,15.0,19.0,2,2,2.86,1.67,19,13,6,4,7,7,8.87,7.56,2.16,0.65,11,13,1.0,2.12,1.494,2.5,1.1,15.1,13.5,6.2,4.4,10.0,6.8,9.8645,9.5105,1.88,1.4549999999999998,0.5625,0.4075,0.17325,0.2242499999999999,0.5,0.3,5.0,5.0,0.6260000000000001,0.1549999999999999,0.2
26798,Manchester City,West Ham,50.0,26.0,24.0,4,1,1.98,1.53,10,17,7,4,9,7,14.68,11.78,1.73,1.03,12,18,2.0,1.519,1.444,1.4,1.2,13.6,13.3,4.5,3.5,8.5,6.2,14.2395,12.1745,1.348,1.191,0.3785,0.324,0.19975,0.2117499999999999,0.3,0.4,5.0,5.0,0.0750000000000001,0.0544999999999999,-0.1
26799,Southampton,Brentford,0.0,100.0,0.0,0,5,0.25,5.55,8,20,1,11,9,15,12.89,11.09,0.0,3.0,16,3,0.0,1.313,1.318,0.8,1.3,10.7,10.4,3.4,4.2,5.6,6.4,11.0925,11.9925,0.97,1.143,0.267,0.3085,0.17575,0.2162499999999999,0.2,0.3,5.0,5.0,-0.0050000000000001,-0.0414999999999999,-0.0999999999999999
26800,Tottenham,Newcastle United,9.0,74.0,17.0,1,2,1.0,2.43,13,14,4,4,15,9,5.81,7.73,0.44,2.39,17,14,0.0,1.945,2.1979999999999995,2.0,2.2,13.0,15.6,4.8,5.5,7.5,10.3,11.8465,12.0625,1.533,1.932,0.4485,0.5855,0.17475,0.15675,0.3,0.6,5.0,5.0,-0.2529999999999996,-0.137,-0.3
26801,Wolverhampton Wanderers,Nottingham Forest,21.0,54.0,25.0,0,3,1.9,2.57,13,11,6,3,12,11,9.55,18.2,0.88,1.88,19,15,0.0,1.31,1.5,1.6,1.7,12.5,12.3,4.4,4.7,6.4,6.1,11.4975,15.8375,1.341,1.59,0.3644999999999999,0.4525,0.23825,0.21725,0.4,0.7,5.0,5.0,-0.1899999999999999,-0.088,-0.2999999999999999
26802,Arsenal,Tottenham,74.0,9.0,17.0,2,1,2.26,0.78,14,10,4,2,11,0,6.14,21.44,2.39,0.43,0,17,2.0,1.81,1.72,1.7,1.8,12.7,13.0,4.6,4.7,8.9,8.2,11.1865,11.4415,1.881,1.396,0.5595,0.4044999999999999,0.18125,0.17075,0.5,0.3,5.0,5.0,0.0899999999999998,0.155,0.2
26803,Brentford,Manchester City,34.0,45.0,21.0,2,2,2.39,2.65,18,21,6,8,14,15,14.21,20.18,1.24,1.55,3,12,1.0,1.698,1.559,1.4,1.6,11.3,13.4,4.5,4.8,7.3,7.8,12.0255,14.8845,1.321,1.354,0.3755,0.3815,0.1922499999999999,0.19775,0.3,0.4,5.0,5.0,0.139,-0.006,-0.1
26804,Everton,Aston Villa,34.0,36.0,30.0,0,1,1.23,1.29,10,11,3,3,4,5,9.68,14.6,1.32,1.39,7,1,0.0,1.08,1.468,0.8,1.4,10.1,12.0,3.1,4.0,4.6,7.2,14.0525,13.529500000000002,0.909,1.406,0.241,0.4125,0.19075,0.17225,0.2,0.4,5.0,5.0,-0.3879999999999999,-0.1714999999999999,-0.2
26805,Ipswich,Brighton,8.0,59.0,33.0,0,2,0.27,1.06,5,11,3,5,1,9,11.57,10.54,0.57,2.09,9,4,0.0,1.358,1.448,1.3,1.2,10.3,14.1,3.8,4.8,4.4,8.7,14.5555,10.1975,1.095,1.255,0.3035,0.3430000000000001,0.1882499999999999,0.22275,0.4,0.2,5.0,5.0,-0.09,-0.0395,0.2
26806,Leicester,Crystal Palace,33.0,43.0,24.0,0,2,2.1,2.26,21,9,4,4,7,7,12.27,15.48,1.24,1.52,10,6,0.0,1.1629999999999998,1.722,0.9,1.4,9.6,13.4,3.5,5.3,4.8,6.7,20.0155,12.8915,1.013,1.439,0.2765,0.4085,0.18525,0.1962499999999999,0.2,0.4,5.0,5.0,-0.5590000000000002,-0.1319999999999999,-0.2
26807,Nottingham Forest,Liverpool,6.0,88.0,6.0,1,1,0.53,2.72,6,23,3,7,2,18,21.55,6.38,0.17,2.74,15,11,1.0,1.6920000000000002,2.3129999999999997,1.7,2.5,12.3,16.4,4.7,6.4,6.8,10.5,15.0195,10.2955,1.7119999999999995,1.959,0.4935,0.5945,0.2162499999999999,0.15725,0.7,0.5,5.0,5.0,-0.6209999999999996,-0.1009999999999999,0.1999999999999999
26808,West Ham,Fulham,8.0,84.0,8.0,3,2,0.94,2.84,4,21,3,5,2,9,17.29,8.66,0.26,2.62,18,8,2.0,1.477,1.5699999999999998,1.1,1.5,13.1,13.2,3.5,4.7,6.2,6.2,12.4485,15.4405,1.1789999999999998,1.47,0.321,0.4115,0.20875,0.22625,0.3,0.3,5.0,5.0,-0.0929999999999999,-0.0905,0.0
26809,Chelsea,Bournemouth,73.0,9.0,18.0,2,2,2.54,1.15,26,7,10,3,12,8,9.42,8.92,2.37,0.45,5,2,1.0,1.657,1.718,1.1,1.4,14.9,15.6,4.9,5.7,8.9,8.1,10.6555,10.0805,1.495,1.621,0.4155,0.4645,0.23725,0.21325,0.3,0.4,5.0,5.0,-0.0609999999999999,-0.0489999999999999,-0.1
26810,Newcastle United,Wolverhampton Wanderers,54.0,24.0,22.0,3,0,2.13,1.47,17,13,5,7,10,8,5.59,14.83,1.83,0.94,14,19,2.0,2.245,1.352,2.2,1.5,15.4,11.9,5.6,4.5,10.3,7.0,11.6225,11.6485,2.017,1.271,0.6165,0.3415,0.14975,0.23625,0.7,0.4,5.0,5.0,0.8930000000000002,0.275,0.2999999999999999
26811,Manchester United,Southampton,75.0,10.0,15.0,3,1,3.11,1.37,23,13,9,5,15,1,12.41,12.82,2.41,0.45,13,16,2.0,1.5139999999999998,1.299,1.1,0.8,13.1,11.1,4.1,3.5,6.8,5.8,9.9455,11.4965,1.3119999999999998,0.954,0.3615,0.2615,0.21725,0.1702499999999999,0.3,0.2,5.0,5.0,0.2149999999999998,0.1,0.0999999999999999
26812,Arsenal,Aston Villa,47.0,25.0,28.0,2,2,1.64,1.21,17,8,5,4,8,1,6.82,15.0,1.68,1.04,0,1,1.0,1.905,1.558,1.9,1.4,12.8,12.3,4.5,4.1,8.8,7.0,11.2955,13.2965,1.878,1.525,0.5615,0.4415,0.17325,0.1952499999999999,0.6,0.5,5.0,5.0,0.347,0.12,0.0999999999999999
26813,Brentford,Liverpool,4.5,91.0,4.5,0,2,1.2,4.16,11,37,6,8,8,23,16.9,8.16,0.14,2.8,3,11,0.0,1.771,2.375,1.5,2.4,12.2,17.1,4.7,6.7,8.1,11.5,11.9835,10.1635,1.363,2.036,0.3895,0.6245,0.1922499999999999,0.1402499999999999,0.3,0.5,5.0,5.0,-0.6039999999999999,-0.235,-0.2
26814,Chelsea,Wolverhampton Wanderers,88.0,6.0,6.0,3,1,3.15,1.07,19,9,7,4,10,10,13.23,16.05,2.72,0.18,5,19,2.0,1.652,1.375,1.1,1.4,14.9,11.6,5.1,4.6,8.8,6.7,10.7215,11.9705,1.535,1.2719999999999998,0.4295,0.3435,0.2342499999999999,0.2322499999999999,0.2,0.4,5.0,5.0,0.2769999999999999,0.0859999999999999,-0.2
26815,Everton,Tottenham,67.0,14.0,19.0,3,2,2.56,1.36,12,11,6,6,6,8,12.04,9.0,2.2,0.61,7,17,2.0,1.19,1.4089999999999998,0.8,1.4,10.9,12.2,3.4,4.0,4.8,7.2,13.0425,12.5185,1.007,1.16,0.272,0.3225,0.19575,0.18325,0.2,0.2,5.0,5.0,-0.2189999999999998,-0.0504999999999999,0.0
26816,Ipswich,Manchester City,5.5,89.0,5.5,0,6,0.8,3.2,8,17,4,9,3,17,39.8,8.87,0.17,2.74,9,12,0.0,1.2120000000000002,1.7600000000000002,1.1,1.7,9.8,14.5,3.6,5.3,4.1,8.9,14.476499999999998,15.2085,0.971,1.475,0.2595,0.4205,0.1952499999999999,0.2027499999999999,0.3,0.4,5.0,5.0,-0.548,-0.1609999999999999,-0.1
26817,Leicester,Fulham,8.5,83.0,8.5,0,2,0.68,2.37,8,17,4,2,2,10,19.0,9.81,0.25,2.61,10,8,0.0,1.354,1.725,0.9,1.5,11.3,14.1,3.8,4.9,5.2,6.5,19.7595,12.4315,1.136,1.652,0.309,0.4765,0.20875,0.21125,0.2,0.3,5.0,5.0,-0.3710000000000002,-0.1674999999999999,-0.0999999999999999
26818,Manchester United,Brighton,15.0,62.0,23.0,1,3,1.32,2.17,10,6,1,3,8,6,8.87,18.86,0.67,2.09,13,4,0.0,1.62,1.422,1.2,1.3,14.4,13.5,4.7,4.8,7.8,8.7,10.3935,10.7755,1.303,1.424,0.3585,0.3905,0.2162499999999999,0.24425,0.3,0.3,5.0,5.0,0.1979999999999999,-0.032,0.0
26819,Newcastle United,Bournemouth,10.0,80.0,10.0,1,4,0.84,2.7,13,19,5,10,12,8,7.94,6.15,0.34,2.52,14,2,0.0,2.0629999999999997,1.628,2.1,1.5,14.4,13.4,5.0,5.1,9.2,7.9,11.0445,9.8255,1.902,1.515,0.5715,0.4315,0.17125,0.20625,0.7,0.4,5.0,5.0,0.4349999999999996,0.1399999999999999,0.2999999999999999
26820,Nottingham Forest,Southampton,70.0,8.0,22.0,3,2,2.36,1.26,14,10,5,4,9,2,12.84,9.82,2.32,0.47,15,16,2.0,1.516,1.309,1.6,0.9,11.2,11.5,4.4,3.7,6.5,5.7,15.4435,11.0305,1.46,0.985,0.4135000000000001,0.267,0.21525,0.18075,0.6,0.2,5.0,5.0,0.207,0.1465,0.3999999999999999
26821,West Ham,Crystal Palace,2.0,82.0,16.0,0,2,0.22,1.63,7,12,0,7,4,5,13.85,12.74,0.22,2.62,18,6,0.0,1.389,1.6469999999999998,1.3,1.3,11.9,13.0,3.5,5.2,5.8,6.8,13.0885,13.0255,1.08,1.345,0.296,0.3745,0.19175,0.2087499999999999,0.4,0.4,5.0,5.0,-0.2579999999999998,-0.0785,0.0
26822,Bournemouth,Nottingham Forest,81.0,9.5,9.5,5,0,2.83,1.0,16,18,10,4,6,12,7.67,7.65,2.56,0.32,2,15,2.0,1.715,1.656,1.6,1.7,14.3,11.6,5.6,4.3,8.4,6.8,9.5175,15.2055,1.661,1.542,0.4845,0.4445,0.1912499999999999,0.20325,0.4,0.6,5.0,5.0,0.0589999999999999,0.04,-0.1999999999999999
26823,Aston Villa,West Ham,17.0,59.0,24.0,1,1,0.91,1.68,14,14,4,4,7,5,8.68,6.32,0.76,2.0,1,18,1.0,1.473,1.2879999999999998,1.4,1.2,12.0,11.5,3.9,3.1,6.4,5.6,12.9605,13.5255,1.42,0.98,0.4035,0.267,0.2022499999999999,0.17875,0.4,0.4,5.0,5.0,0.185,0.1365,0.0
26824,Brighton,Everton,20.0,43.0,37.0,0,1,0.64,0.87,16,3,1,1,9,2,6.69,16.68,0.97,1.66,4,7,0.0,1.505,1.339,1.5,1.1,12.9,11.6,4.5,3.6,8.0,5.4,12.0425,12.8035,1.484,1.135,0.4125,0.319,0.23825,0.18275,0.4,0.3,5.0,5.0,0.1659999999999999,0.0934999999999999,0.1
26825,Crystal Palace,Brentford,17.0,56.0,27.0,1,2,1.23,1.92,16,13,5,6,9,11,15.45,8.5,0.78,1.96,6,3,0.0,1.6489999999999998,1.814,1.4,1.5,12.7,12.6,5.3,5.0,7.0,7.8,12.5695,13.1875,1.564,1.262,0.4474999999999999,0.367,0.2087499999999999,0.1627499999999999,0.5,0.3,5.0,5.0,-0.1650000000000002,0.0804999999999999,0.2
26826,Fulham,Manchester United,38.0,11.0,51.0,0,1,0.56,0.2,9,4,3,1,3,5,30.8,16.06,1.65,0.84,8,13,0.0,1.837,1.523,1.7,1.3,14.2,13.1,4.6,4.1,6.7,7.2,11.5795,10.5455,1.6920000000000002,1.202,0.4955,0.3255,0.19075,0.21425,0.4,0.3,5.0,5.0,0.314,0.1699999999999999,0.1
26827,Liverpool,Ipswich,75.0,6.0,19.0,4,1,2.17,0.8,16,3,6,3,15,2,6.55,11.72,2.44,0.37,11,9,2.0,2.271,1.186,2.0,1.1,18.4,9.6,6.3,3.8,12.4,4.4,9.8245,16.6785,2.021,0.962,0.6174999999999999,0.257,0.14375,0.19275,0.5,0.3,5.0,5.0,1.085,0.3604999999999999,0.2
26828,Manchester City,Chelsea,56.0,21.0,23.0,3,1,2.23,1.5,15,10,6,4,3,5,15.53,22.71,1.91,0.87,12,5,2.0,1.97,1.815,2.2,1.4,15.0,15.6,5.6,5.3,10.2,9.6,14.135500000000002,11.5665,1.6800000000000002,1.6299999999999997,0.4934999999999999,0.4695,0.1872499999999999,0.2082499999999999,0.5,0.3,5.0,5.0,0.155,0.0239999999999999,0.2
26829,Southampton,Newcastle United,6.5,87.0,6.5,1,3,0.83,3.08,12,17,5,9,2,11,13.56,11.18,0.19,2.71,16,14,0.0,1.407,1.8240000000000005,1.1,1.8,12.0,14.2,4.0,4.8,5.6,9.0,10.8475,10.6125,0.982,1.672,0.268,0.4974999999999999,0.17375,0.17325,0.2,0.6,5.0,5.0,-0.4170000000000002,-0.2294999999999999,-0.3999999999999999
26830,Tottenham,Leicester,28.0,37.0,35.0,1,2,1.27,1.4,14,12,6,3,5,5,11.4,11.26,1.19,1.46,17,10,0.0,1.425,1.343,1.3,0.9,12.4,11.2,4.1,3.7,7.2,5.1,11.2645,20.4745,1.218,1.059,0.3355,0.2945,0.20125,0.1852499999999999,0.2,0.2,5.0,5.0,0.082,0.0409999999999999,0.0
26831,Wolverhampton Wanderers,Arsenal,20.0,44.0,36.0,0,1,0.51,0.89,9,9,4,3,0,2,6.74,7.73,0.95,1.69,19,0,0.0,1.368,1.764,1.2,1.6,11.7,13.1,4.6,4.4,7.4,9.0,12.116499999999998,10.6945,1.124,1.804,0.3045,0.5335,0.20625,0.1852499999999999,0.3,0.5,5.0,5.0,-0.3960000000000001,-0.2289999999999999,-0.2
26832,Bournemouth,Liverpool,17.0,64.0,19.0,0,2,1.65,2.72,14,19,3,7,5,11,8.19,8.64,0.7,2.1,2,11,0.0,1.878,2.2979999999999996,2.1,2.1,14.1,18.1,6.2,6.2,8.0,11.3,9.6435,9.9315,1.723,2.001,0.5105000000000001,0.6094999999999999,0.17075,0.1542499999999999,0.5,0.5,5.0,5.0,-0.4199999999999995,-0.0989999999999998,0.0
26833,Arsenal,Manchester City,58.0,15.0,27.0,5,1,1.53,0.74,12,7,7,4,6,7,14.47,17.77,2.02,0.72,0,12,2.0,1.6369999999999998,1.941,1.6,2.4,12.7,14.1,4.2,5.7,8.0,8.7,10.8245,14.6215,1.689,1.61,0.4854999999999999,0.4665,0.21725,0.20175,0.5,0.6,5.0,5.0,-0.3040000000000002,0.0189999999999999,-0.0999999999999999
26834,Brentford,Tottenham,56.0,19.0,25.0,0,2,1.66,0.95,20,13,4,2,8,4,12.33,9.08,1.92,0.83,3,17,0.0,1.91,1.446,1.7,1.4,13.1,12.5,5.3,4.3,8.4,6.8,12.7745,11.8645,1.351,1.225,0.3969999999999999,0.3365,0.1607499999999999,0.20525,0.4,0.2,5.0,5.0,0.4640000000000002,0.0604999999999999,0.2
26835,Chelsea,West Ham,41.0,31.0,28.0,2,1,1.39,1.19,22,14,3,5,6,8,6.27,30.5,1.51,1.21,5,18,2.0,1.809,1.266,1.4,1.2,15.4,11.3,4.9,3.3,9.5,5.5,12.1505,12.2715,1.599,1.063,0.4605,0.295,0.2042499999999999,0.17775,0.3,0.3,5.0,5.0,0.5429999999999999,0.1654999999999999,0.0
26836,Everton,Leicester,93.0,3.5,3.5,4,0,3.11,0.45,13,9,7,1,14,4,17.94,12.04,2.85,0.1,7,10,2.0,1.361,1.461,1.1,1.0,11.1,12.0,3.4,3.9,5.5,5.6,11.6625,13.8005,1.275,1.183,0.3535,0.323,0.21125,0.2117499999999999,0.4,0.3,5.0,5.0,-0.0999999999999998,0.0304999999999999,0.1
26837,Ipswich,Southampton,58.0,17.0,25.0,1,2,1.95,1.18,15,9,6,4,5,1,9.04,10.31,1.99,0.75,9,16,0.0,1.2579999999999998,1.27,1.2,1.2,9.6,11.4,4.1,4.0,4.6,4.9,15.9095,11.4065,0.99,0.843,0.259,0.2305,0.2077499999999999,0.15525,0.3,0.2,5.0,5.0,-0.0120000000000002,0.0284999999999999,0.0999999999999999
26838,Manchester United,Crystal Palace,16.0,64.0,20.0,0,2,1.51,2.45,17,11,2,3,18,6,5.57,13.48,0.67,2.12,13,6,0.0,1.507,1.722,1.4,1.5,12.4,13.3,3.8,5.4,7.5,7.1,11.4045,12.9305,1.214,1.567,0.3245,0.4495,0.22925,0.2057499999999999,0.4,0.5,5.0,5.0,-0.2149999999999998,-0.125,-0.0999999999999999
26839,Newcastle United,Fulham,26.0,46.0,28.0,1,2,1.23,1.61,11,15,4,4,10,5,13.69,11.74,1.05,1.67,14,8,0.0,1.849,1.715,1.8,1.5,13.7,13.7,4.9,4.2,8.1,6.6,11.1195,12.8715,1.6549999999999998,1.7009999999999998,0.4905,0.4905,0.17675,0.21475,0.6,0.3,5.0,5.0,0.1340000000000003,0.0,0.3
26840,Nottingham Forest,Brighton,97.0,1.5,1.5,7,0,4.07,0.76,14,10,9,5,7,8,19.94,6.29,2.93,0.04,15,4,2.0,1.626,1.4349999999999998,1.6,1.5,12.4,12.1,4.4,3.9,7.5,6.8,13.6555,11.876499999999998,1.416,1.418,0.412,0.3875,0.18175,0.24625,0.5,0.4,5.0,5.0,0.191,0.0245,0.0999999999999999
26841,Wolverhampton Wanderers,Aston Villa,72.0,9.0,19.0,2,0,2.0,0.74,8,10,5,3,2,4,12.25,11.5,2.35,0.45,19,1,2.0,1.336,1.541,1.0,1.5,11.9,13.0,4.6,4.2,7.0,6.9,11.7385,11.6575,1.027,1.489,0.2725,0.4175000000000001,0.20625,0.22325,0.2,0.4,5.0,5.0,-0.205,-0.145,-0.2
26842,Aston Villa,Ipswich,93.0,3.5,3.5,1,1,2.9,0.33,25,4,6,3,19,0,7.67,13.21,2.85,0.09,1,9,1.0,1.427,1.303,1.3,1.1,12.0,10.2,4.1,4.1,6.0,4.7,11.8125,14.5195,1.3219999999999998,1.063,0.3635,0.284,0.21925,0.20475,0.4,0.2,5.0,5.0,0.1240000000000001,0.0795,0.2
26843,Brighton,Chelsea,76.0,7.0,17.0,3,0,2.07,0.65,13,8,5,0,7,9,17.07,6.19,2.44,0.39,4,5,2.0,1.417,1.7869999999999997,1.3,1.6,11.8,15.6,4.0,4.7,7.0,8.3,11.6465,12.0215,1.357,1.604,0.375,0.4625,0.22475,0.20425,0.4,0.4,5.0,5.0,-0.3699999999999996,-0.0875,0.0
26844,Crystal Palace,Everton,70.0,11.0,19.0,1,2,2.31,1.02,17,11,6,6,9,4,9.65,10.7,2.29,0.53,6,7,0.0,1.6619999999999997,1.61,1.5,1.5,12.5,11.1,4.7,3.9,6.7,6.1,13.5755,12.6375,1.523,1.5219999999999998,0.4325,0.4394999999999999,0.2162499999999999,0.1977499999999999,0.5,0.5,5.0,5.0,0.0519999999999996,-0.0069999999999999,0.0
26845,Fulham,Nottingham Forest,84.0,8.0,8.0,2,1,2.21,0.33,24,8,10,2,6,4,13.94,25.36,2.65,0.23,8,15,2.0,1.7799999999999998,1.83,1.5,2.1,14.1,12.7,4.0,4.6,6.6,7.5,12.851499999999998,13.9495,1.786,1.464,0.5175,0.433,0.21775,0.16625,0.4,0.5,5.0,5.0,-0.0500000000000002,0.0844999999999999,-0.0999999999999999
26846,Leicester,Arsenal,3.0,82.0,15.0,0,2,0.23,1.75,6,11,2,5,3,10,10.46,6.0,0.24,2.61,10,0,0.0,1.3219999999999998,1.59,1.0,1.8,11.8,12.5,3.6,4.4,5.5,6.9,13.4725,10.5305,1.035,1.616,0.2825,0.4554999999999999,0.1892499999999999,0.23825,0.3,0.5,5.0,5.0,-0.268,-0.1729999999999999,-0.2
26847,Liverpool,Wolverhampton Wanderers,61.0,15.0,24.0,2,1,1.87,1.05,10,16,3,4,7,7,11.45,9.25,2.07,0.69,11,19,2.0,2.24,1.472,1.8,1.0,17.8,11.6,5.6,4.8,10.8,6.6,9.7915,11.8735,1.9259999999999995,1.232,0.5805,0.3395,0.1697499999999999,0.21025,0.5,0.3,5.0,5.0,0.7679999999999998,0.241,0.2
26848,Manchester City,Newcastle United,90.0,5.0,5.0,4,0,2.12,0.16,11,3,7,1,4,1,15.5,10.9,2.78,0.13,12,14,2.0,1.857,1.748,2.3,1.7,13.4,13.6,5.6,4.9,8.5,8.6,13.6345,10.5445,1.5669999999999995,1.534,0.4514999999999999,0.4474999999999999,0.2027499999999999,0.18575,0.5,0.5,5.0,5.0,0.1089999999999999,0.004,0.0
26849,Southampton,Bournemouth,11.0,69.0,20.0,1,3,0.97,2.09,11,14,4,7,7,3,8.72,7.23,0.53,2.27,16,2,0.0,1.266,1.872,1.3,1.9,11.6,13.9,4.1,5.6,4.9,7.5,11.8715,9.4205,0.8879999999999999,1.599,0.238,0.4715,0.17075,0.16475,0.3,0.5,5.0,5.0,-0.6059999999999999,-0.2334999999999999,-0.2
26850,Tottenham,Manchester United,51.0,25.0,24.0,1,0,1.97,1.43,22,16,7,6,15,8,9.64,11.5,1.78,0.98,17,13,2.0,1.313,1.5579999999999998,1.4,1.4,12.5,13.1,4.2,3.9,6.6,8.7,11.6045,10.9785,1.052,1.226,0.2754999999999999,0.3285,0.21525,0.2302499999999999,0.3,0.4,5.0,5.0,-0.2449999999999998,-0.053,-0.1
26851,West Ham,Brentford,9.0,72.0,19.0,0,1,0.67,1.96,13,14,3,5,8,9,10.05,8.81,0.47,2.34,18,3,0.0,1.333,2.049,1.3,1.6,12.0,14.6,3.8,5.5,6.0,9.0,13.9055,12.2345,1.174,1.528,0.3225,0.4469999999999999,0.2022499999999999,0.1797499999999999,0.3,0.4,5.0,5.0,-0.716,-0.1244999999999999,-0.1
26852,Bournemouth,Wolverhampton Wanderers,6.0,77.0,17.0,0,1,0.63,2.1,8,13,3,5,8,5,8.33,5.39,0.35,2.48,2,19,0.0,1.8189999999999995,1.387,2.1,1.1,13.4,11.9,5.5,4.6,6.4,6.1,9.7475,11.8435,1.552,1.213,0.4525,0.3335,0.17875,0.20925,0.5,0.3,5.0,5.0,0.4319999999999997,0.119,0.2
26853,Arsenal,West Ham,42.0,26.0,32.0,0,1,1.37,1.03,20,5,2,2,15,1,5.19,13.76,1.58,1.11,0,18,0.0,1.584,1.247,1.9,1.2,12.7,11.6,4.6,3.7,7.1,6.1,10.0475,13.732499999999998,1.741,1.118,0.5015,0.3055,0.22525,0.19725,0.6,0.3,5.0,5.0,0.3370000000000002,0.1959999999999999,0.3
26854,Aston Villa,Chelsea,51.0,24.0,25.0,2,1,2.69,2.17,12,15,6,7,5,7,9.64,11.72,1.77,0.98,1,5,2.0,1.482,1.7,1.2,1.5,13.2,14.9,4.2,4.6,7.0,7.6,11.6765,11.7135,1.351,1.488,0.3764999999999999,0.4265,0.20675,0.1942499999999999,0.3,0.4,5.0,5.0,-0.2179999999999999,-0.05,-0.1
26855,Everton,Manchester United,76.0,7.0,17.0,2,2,2.1,0.65,9,9,8,3,6,5,14.04,6.39,2.46,0.37,7,13,1.0,1.656,1.534,1.7,1.2,11.3,13.4,4.5,4.1,6.4,8.8,12.6355,11.3725,1.558,1.259,0.4445,0.3385,0.21075,0.23525,0.6,0.4,5.0,5.0,0.1219999999999998,0.1059999999999999,0.1999999999999999
26856,Fulham,Crystal Palace,4.0,76.0,20.0,0,2,0.23,1.46,10,10,0,5,8,5,7.12,17.67,0.32,2.48,8,6,0.0,1.736,1.765,1.5,1.5,15.0,12.9,4.6,4.7,6.7,7.0,13.4265,12.6115,1.822,1.6350000000000002,0.5315,0.4725,0.20575,0.2082499999999999,0.5,0.5,5.0,5.0,-0.0289999999999999,0.0589999999999999,0.0
26857,Ipswich,Tottenham,22.0,49.0,29.0,1,4,1.15,1.59,17,10,5,6,4,7,10.23,9.0,0.96,1.76,9,17,0.0,1.192,1.41,1.0,1.4,9.9,13.4,4.1,4.5,4.5,6.6,14.4655,11.9875,1.021,1.186,0.2774999999999999,0.3175,0.1882499999999999,0.22225,0.2,0.4,5.0,5.0,-0.2179999999999999,-0.04,-0.2
26858,Leicester,Brentford,9.0,71.0,20.0,0,4,0.73,2.03,8,14,3,6,9,8,18.92,10.76,0.47,2.34,10,3,0.0,1.263,1.69,0.9,1.2,12.0,14.0,3.6,4.9,5.5,8.4,12.4345,12.0065,1.031,1.462,0.2815,0.419,0.1882499999999999,0.1987499999999999,0.3,0.4,5.0,5.0,-0.427,-0.1375,-0.1
26859,Manchester City,Liverpool,23.0,39.0,38.0,0,2,0.58,0.81,16,8,5,4,9,7,18.91,21.2,1.07,1.56,12,11,0.0,1.871,2.1409999999999996,2.3,1.8,13.5,16.9,5.6,5.3,8.0,10.8,13.7165,10.0495,1.672,1.9170000000000005,0.4915,0.5755,0.1837499999999999,0.17475,0.5,0.6,5.0,5.0,-0.2699999999999996,-0.084,-0.0999999999999999
26860,Newcastle United,Nottingham Forest,64.0,16.0,20.0,4,3,3.46,2.39,13,17,5,5,5,7,6.75,10.96,2.11,0.69,14,15,2.0,1.521,1.606,1.5,1.9,12.5,12.4,4.6,4.5,7.8,6.8,10.8615,14.6655,1.3079999999999998,1.299,0.3785,0.387,0.17375,0.14925,0.4,0.4,5.0,5.0,-0.0849999999999999,-0.0085,0.0
26861,Southampton,Brighton,0.0,100.0,0.0,0,4,0.15,5.12,6,18,1,12,1,6,9.85,9.78,0.0,3.0,16,4,0.0,1.338,1.4469999999999998,1.4,1.5,11.9,12.0,4.4,4.1,4.7,7.3,11.4545,11.8765,0.941,1.465,0.249,0.4149999999999999,0.19075,0.21375,0.3,0.5,5.0,5.0,-0.1089999999999999,-0.1659999999999999,-0.2
26862,Brentford,Everton,31.0,36.0,33.0,1,1,1.34,1.45,12,14,3,4,6,4,13.63,31.88,1.25,1.42,3,7,1.0,1.654,1.743,1.4,1.9,13.6,11.2,4.9,5.0,7.8,6.6,11.6615,13.0715,1.5719999999999998,1.672,0.4559999999999999,0.4865,0.19775,0.19775,0.5,0.6,5.0,5.0,-0.0889999999999999,-0.0305,-0.0999999999999999
26863,Brighton,Bournemouth,59.0,19.0,22.0,2,1,2.58,1.7,11,19,4,5,7,8,11.62,4.59,1.99,0.79,4,2,2.0,1.853,1.767,1.7,1.9,12.7,13.5,4.8,5.5,7.0,6.4,11.8005,9.6885,1.5559999999999998,1.542,0.4559999999999999,0.4495,0.18075,0.17775,0.5,0.5,5.0,5.0,0.086,0.0064999999999999,0.0
26864,Nottingham Forest,Arsenal,12.0,59.0,29.0,0,0,0.51,1.32,6,13,2,1,4,7,13.12,5.35,0.65,2.06,15,0,1.0,1.7920000000000005,1.495,2.1,1.7,13.5,13.3,4.7,4.4,7.3,7.5,13.6065,9.9525,1.351,1.66,0.3969999999999999,0.4694999999999999,0.1632499999999999,0.24025,0.4,0.5,5.0,5.0,0.2970000000000004,-0.0724999999999999,-0.0999999999999999
26865,Tottenham,Manchester City,14.0,66.0,20.0,0,1,1.28,2.39,11,12,6,5,5,11,10.46,13.42,0.63,2.17,17,12,0.0,1.491,1.664,1.7,2.1,13.4,13.0,4.9,5.3,7.3,7.4,10.7435,13.589499999999996,1.319,1.624,0.3575,0.4695,0.23425,0.2007499999999999,0.5,0.5,5.0,5.0,-0.173,-0.1119999999999999,0.0
26866,West Ham,Leicester,84.0,8.0,8.0,2,0,1.7,0.29,8,10,2,2,6,0,14.47,20.11,2.66,0.21,18,10,2.0,1.2559999999999998,1.126,1.0,0.9,11.7,10.7,3.6,3.5,6.0,5.7,13.379500000000002,13.0995,1.2029999999999998,0.954,0.3235,0.2575,0.22125,0.18425,0.3,0.3,5.0,5.0,0.1299999999999999,0.066,0.0
26867,Wolverhampton Wanderers,Fulham,23.0,51.0,26.0,1,2,0.93,1.43,18,11,5,5,2,4,13.41,13.08,0.96,1.78,19,8,0.0,1.45,1.475,1.2,1.3,11.9,13.9,4.4,4.1,5.8,6.6,10.8995,13.272500000000004,1.3669999999999998,1.592,0.3865,0.4514999999999999,0.20425,0.21775,0.4,0.5,5.0,5.0,-0.0250000000000001,-0.0649999999999999,-0.0999999999999999
