match_id,teams_home,teams_away,chances_home,chances_away,chances_draw,goals_home,goals_away,xg_home,xg_away,shots_home,shots_away,shots on target_home,shots on target_away,deep_home,deep_away,ppda_home,ppda_away,xpts_home,xpts_away,home_team_id,away_team_id,result
26602,Manchester United,Fulham,81.0,4.0,15.0,1,0,2.04,0.42,14,10,5,2,7,3,7.38,10.83,2.57,0.28,13,8,2.0
26603,Ipswich,Liverpool,1.0,98.0,1.0,0,2,0.34,3.93,7,19,2,5,2,13,18.78,8.74,0.03,2.96,9,11,0.0
26604,Arsenal,Wolverhampton Wanderers,65.0,12.0,23.0,2,0,1.63,0.58,18,9,6,3,14,2,7.77,10.82,2.19,0.58,0,19,2.0
26605,Everton,Brighton,5.0,79.0,16.0,0,3,0.41,1.79,9,10,1,5,4,5,18.33,7.92,0.31,2.53,7,4,0.0
26606,Newcastle United,Southampton,4.0,80.0,16.0,1,0,0.43,1.95,3,19,1,5,4,13,16.25,3.79,0.28,2.56,14,16,2.0
26607,Nottingham Forest,Bournemouth,20.0,55.0,25.0,1,1,1.24,1.91,14,13,8,4,10,4,8.65,9.95,0.85,1.89,15,2,1.0
26608,West Ham,Aston Villa,41.0,36.0,23.0,1,2,2.80,2.67,14,15,3,3,5,8,9.33,11.30,1.47,1.30,18,1,0.0
26609,Brentford,Crystal Palace,42.0,26.0,32.0,2,1,1.38,1.15,9,14,5,6,1,4,12.67,7.72,1.59,1.10,3,6,2.0
26610,Chelsea,Manchester City,30.0,37.0,33.0,0,2,1.06,1.18,10,11,3,5,8,10,10.06,15.06,1.24,1.44,5,12,0.0
26611,Leicester,Tottenham,25.0,45.0,30.0,1,1,1.03,1.41,7,15,3,7,2,21,20.69,5.48,1.06,1.65,10,17,1.0
26612,Brighton,Manchester United,60.0,16.0,24.0,2,1,2.14,1.29,14,11,5,4,10,8,12.50,16.78,2.04,0.72,4,13,2.0
26613,Crystal Palace,West Ham,33.0,40.0,27.0,0,2,1.38,1.53,14,18,2,3,6,5,6.91,13.73,1.26,1.47,6,18,0.0
26614,Fulham,Leicester,66.0,13.0,21.0,2,1,1.96,0.86,18,10,6,4,7,1,10.26,13.70,2.19,0.59,8,10,2.0
26615,Manchester City,Ipswich,94.0,3.0,3.0,4,1,3.08,0.48,14,1,5,1,15,1,8.15,17.41,2.88,0.07,12,9,2.0
26616,Southampton,Nottingham Forest,3.0,94.0,3.0,0,1,0.21,2.86,5,23,1,8,4,9,8.14,18.48,0.07,2.88,16,15,0.0
26617,Tottenham,Everton,84.0,8.0,8.0,4,0,2.61,0.65,13,10,7,1,9,5,6.30,12.72,2.63,0.26,17,7,2.0
26618,Aston Villa,Arsenal,31.0,39.0,30.0,0,2,1.32,1.41,11,9,3,4,3,10,17.28,5.83,1.24,1.46,1,0,0.0
26619,Wolverhampton Wanderers,Chelsea,49.0,29.0,22.0,2,6,2.42,2.03,12,14,4,8,8,6,14.43,7.04,1.69,1.09,19,5,0.0
26620,Bournemouth,Newcastle United,54.0,23.0,23.0,1,1,2.54,1.89,16,14,4,5,8,9,9.20,9.07,1.85,0.91,2,14,1.0
26621,Liverpool,Brentford,89.0,5.5,5.5,2,0,2.72,0.46,19,8,8,2,21,2,10.13,32.40,2.76,0.15,11,3,2.0
26622,Arsenal,Brighton,53.0,25.0,22.0,1,1,2.42,1.82,11,22,7,4,6,6,9.25,9.63,1.81,0.97,0,4,1.0
26623,Brentford,Southampton,83.0,8.5,8.5,3,1,3.86,1.65,20,18,7,6,15,14,14.57,8.22,2.61,0.29,3,16,2.0
26624,Everton,Bournemouth,30.0,48.0,22.0,2,3,2.56,2.96,18,17,8,7,15,7,8.30,7.10,1.12,1.66,7,2,0.0
26625,Ipswich,Fulham,20.0,49.0,31.0,1,1,0.71,1.19,11,9,4,4,2,4,9.26,10.90,0.92,1.77,9,8,1.0
26626,Leicester,Aston Villa,6.0,76.0,18.0,1,2,0.77,2.16,9,10,3,5,3,6,6.40,10.47,0.37,2.45,10,1,0.0
26627,Nottingham Forest,Wolverhampton Wanderers,47.0,20.0,33.0,1,1,1.41,0.94,16,11,5,3,9,4,6.55,6.41,1.74,0.94,15,19,1.0
26628,West Ham,Manchester City,8.0,84.0,8.0,1,3,0.95,3.19,10,23,2,8,5,21,20.76,12.13,0.25,2.64,18,12,0.0
26629,Newcastle United,Tottenham,35.0,36.0,29.0,2,1,1.59,1.63,9,20,3,6,5,9,8.76,4.31,1.34,1.37,14,17,2.0
26630,Chelsea,Crystal Palace,94.0,3.0,3.0,1,1,2.98,0.46,13,9,7,3,4,6,11.44,19.79,2.87,0.08,5,6,1.0
26631,Manchester United,Liverpool,24.0,51.0,25.0,0,3,1.50,2.10,8,11,3,3,6,9,12.50,11.69,0.97,1.78,13,11,0.0
26632,Southampton,Manchester United,6.0,78.0,16.0,0,3,1.36,3.03,6,20,4,10,3,17,10.86,10.34,0.34,2.50,16,13,0.0
26633,Brighton,Ipswich,66.0,9.0,25.0,0,0,1.76,0.72,21,6,6,1,12,1,3.84,14.73,2.24,0.52,4,9,1.0
26634,Fulham,West Ham,87.0,6.5,6.5,1,1,2.89,0.68,21,11,5,3,6,4,4.69,6.87,2.70,0.20,8,18,1.0
26635,Liverpool,Nottingham Forest,52.0,15.0,33.0,0,1,1.17,0.59,14,5,5,3,6,4,3.73,17.06,1.89,0.78,11,15,0.0
26636,Crystal Palace,Leicester,68.0,14.0,18.0,2,2,2.89,1.65,20,9,4,4,15,7,4.91,14.32,2.22,0.59,6,10,1.0
26637,Manchester City,Brentford,48.0,24.0,28.0,2,1,1.55,1.05,18,8,7,5,22,6,16.37,24.25,1.72,1.00,12,3,2.0
26638,Aston Villa,Everton,89.0,5.5,5.5,3,2,3.16,0.85,17,6,8,2,9,3,5.26,16.33,2.76,0.16,1,7,2.0
26639,Bournemouth,Chelsea,53.0,18.0,29.0,0,1,1.54,0.93,19,10,7,3,5,9,11.27,9.50,1.88,0.83,2,5,0.0
26640,Tottenham,Arsenal,23.0,45.0,32.0,0,1,0.79,1.12,15,7,5,4,10,3,5.88,13.59,1.02,1.67,17,0,0.0
26641,Wolverhampton Wanderers,Newcastle United,36.0,37.0,27.0,1,2,1.47,1.48,12,14,5,6,6,10,9.58,12.37,1.34,1.39,19,14,0.0
26642,West Ham,Chelsea,8.0,77.0,15.0,0,3,0.76,2.40,15,12,7,5,12,9,9.71,16.29,0.38,2.47,18,5,0.0
26643,Southampton,Ipswich,70.0,13.0,17.0,1,1,2.90,1.65,11,13,3,6,7,5,8.80,9.24,2.26,0.56,16,9,1.0
26644,Leicester,Everton,26.0,48.0,26.0,1,1,1.34,1.82,12,16,2,5,8,6,8.42,19.31,1.04,1.70,10,7,1.0
26645,Liverpool,Bournemouth,60.0,20.0,20.0,3,0,2.44,1.47,19,19,13,6,13,6,11.85,16.09,2.00,0.80,11,2,2.0
26646,Fulham,Newcastle United,83.0,8.5,8.5,3,1,3.21,1.10,22,15,11,4,7,3,13.04,11.46,2.59,0.29,8,14,2.0
26647,Aston Villa,Wolverhampton Wanderers,84.0,8.0,8.0,3,1,2.37,0.52,9,10,4,4,9,4,11.80,13.50,2.65,0.24,1,19,2.0
26648,Tottenham,Brentford,94.0,3.0,3.0,3,1,3.89,0.89,23,6,10,6,17,5,9.19,9.11,2.87,0.09,17,3,2.0
26649,Crystal Palace,Manchester United,22.0,54.0,24.0,0,0,1.67,2.35,9,15,4,6,5,12,18.33,6.11,0.91,1.86,6,13,1.0
26650,Brighton,Nottingham Forest,39.0,30.0,31.0,2,2,1.57,1.37,14,4,3,3,4,3,5.30,22.75,1.48,1.21,4,15,1.0
26651,Manchester City,Arsenal,72.0,10.0,18.0,2,2,2.76,1.28,33,5,11,3,13,1,8.36,13.07,2.34,0.48,12,0,1.0
26652,Newcastle United,Manchester City,39.0,32.0,29.0,1,1,1.34,1.27,11,16,4,6,7,16,12.10,6.31,1.45,1.25,14,12,1.0
26653,Nottingham Forest,Fulham,12.0,62.0,26.0,0,1,0.61,1.44,11,14,1,2,8,4,20.07,8.26,0.61,2.13,15,8,0.0
26654,Everton,Crystal Palace,34.0,35.0,31.0,2,1,1.11,1.12,8,17,2,5,6,8,12.50,9.33,1.33,1.35,7,6,2.0
26655,Arsenal,Leicester,100.0,0.0,0.0,4,2,6.05,0.34,36,5,16,3,21,4,4.63,29.44,3.00,0.00,0,10,2.0
26656,Brentford,West Ham,15.0,46.0,39.0,1,1,0.37,0.88,8,19,3,3,7,12,10.06,27.70,0.84,1.77,3,18,1.0
26657,Chelsea,Brighton,88.0,6.0,6.0,4,2,3.66,1.21,15,15,7,5,10,7,25.23,8.14,2.72,0.20,5,4,2.0
26658,Wolverhampton Wanderers,Liverpool,6.0,77.0,17.0,1,2,0.75,2.12,7,10,3,6,2,11,14.00,14.78,0.35,2.48,19,11,0.0
26659,Ipswich,Aston Villa,56.0,19.0,25.0,2,2,1.85,1.14,15,7,5,3,6,5,16.56,11.91,1.92,0.82,9,1,1.0
26660,Manchester United,Tottenham,0.0,100.0,0.0,0,3,0.60,5.41,11,24,2,10,6,15,14.63,12.18,0.01,2.99,13,17,0.0
26661,Bournemouth,Southampton,57.0,15.0,28.0,3,1,1.44,0.70,14,9,6,3,7,7,11.59,11.75,2.00,0.73,2,16,2.0
26662,Crystal Palace,Liverpool,7.0,76.0,17.0,0,1,0.61,2.07,9,16,5,4,3,11,23.94,5.56,0.38,2.45,6,11,0.0
26663,Leicester,Bournemouth,12.0,65.0,23.0,1,0,0.91,1.95,6,17,2,2,2,7,13.40,8.50,0.59,2.19,10,2,2.0
26664,Manchester City,Fulham,13.0,71.0,16.0,3,2,1.37,2.76,20,11,7,4,8,11,14.40,22.14,0.55,2.29,12,8,2.0
26665,West Ham,Ipswich,95.0,2.5,2.5,4,1,4.39,1.18,23,9,13,2,6,6,16.27,14.65,2.89,0.07,18,9,2.0
26666,Arsenal,Southampton,81.0,9.5,9.5,3,1,3.25,1.27,29,8,6,2,14,3,8.10,15.44,2.54,0.33,0,16,2.0
26667,Brentford,Wolverhampton Wanderers,96.0,2.0,2.0,5,3,4.14,0.70,19,17,12,6,9,10,11.83,8.95,2.92,0.05,3,19,2.0
26668,Chelsea,Nottingham Forest,54.0,24.0,22.0,1,1,2.28,1.67,22,16,8,9,13,5,5.87,15.88,1.83,0.95,5,15,1.0
26669,Everton,Newcastle United,8.0,67.0,25.0,0,0,0.69,1.79,8,14,2,3,3,11,15.77,5.86,0.49,2.26,7,14,1.0
26670,Aston Villa,Manchester United,29.0,24.0,47.0,0,0,0.53,0.45,11,10,1,4,9,1,14.21,13.88,1.34,1.19,1,13,1.0
26671,Brighton,Tottenham,61.0,17.0,22.0,3,2,1.97,1.09,11,13,4,3,4,10,12.43,12.88,2.06,0.72,4,17,2.0
26672,Tottenham,West Ham,51.0,22.0,27.0,4,1,1.44,0.86,22,11,7,4,11,6,6.16,8.67,1.80,0.93,17,18,2.0
26673,Fulham,Aston Villa,69.0,13.0,18.0,1,3,2.63,1.44,10,14,4,5,3,9,12.35,16.80,2.25,0.56,8,1,0.0
26674,Ipswich,Everton,25.0,48.0,27.0,0,2,1.17,1.61,13,11,2,8,3,9,11.43,15.89,1.01,1.72,9,7,0.0
26675,Manchester United,Brentford,59.0,17.0,24.0,2,1,1.77,0.89,23,8,11,2,12,3,16.11,16.24,2.02,0.74,13,3,2.0
26676,Newcastle United,Brighton,44.0,32.0,24.0,0,1,1.94,1.68,21,10,6,5,14,6,5.87,16.53,1.55,1.20,14,4,0.0
26677,Nottingham Forest,Crystal Palace,64.0,15.0,21.0,1,0,1.89,0.84,20,20,6,7,9,5,14.59,8.67,2.14,0.65,15,6,2.0
26678,Southampton,Leicester,28.0,48.0,24.0,2,3,2.43,2.84,14,18,7,4,8,11,16.00,6.63,1.08,1.68,16,10,0.0
26679,Liverpool,Chelsea,62.0,15.0,23.0,2,1,2.23,1.34,8,12,5,2,2,6,12.80,15.94,2.09,0.68,11,5,2.0
26680,Bournemouth,Arsenal,76.0,6.0,18.0,2,0,2.18,0.74,13,6,4,1,7,4,11.76,8.90,2.46,0.36,2,0,2.0
26681,Wolverhampton Wanderers,Manchester City,20.0,51.0,29.0,1,2,0.76,1.37,3,22,2,7,0,25,26.57,5.95,0.89,1.82,19,12,0.0
26682,Leicester,Nottingham Forest,9.5,81.0,9.5,1,3,0.83,2.54,11,20,1,5,8,6,5.13,14.19,0.28,2.58,10,15,0.0
26683,Manchester City,Southampton,95.0,2.5,2.5,1,0,3.16,0.37,22,5,8,2,12,6,11.80,15.91,2.89,0.07,12,16,2.0
26684,Aston Villa,Bournemouth,82.0,9.0,9.0,1,1,1.97,0.33,18,11,8,3,16,6,10.33,8.81,2.59,0.27,1,2,1.0
26685,Brentford,Ipswich,85.0,7.5,7.5,4,3,4.10,1.66,20,11,9,5,9,6,7.93,18.63,2.64,0.27,3,9,2.0
26686,Brighton,Wolverhampton Wanderers,47.0,26.0,27.0,2,2,1.51,1.11,19,14,6,7,12,3,9.96,11.27,1.67,1.06,4,19,1.0
26687,Everton,Fulham,19.0,53.0,28.0,1,1,0.88,1.50,10,14,5,3,7,7,21.18,10.95,0.84,1.87,7,8,1.0
26688,Chelsea,Newcastle United,32.0,41.0,27.0,2,1,1.62,1.74,17,11,7,3,5,11,9.14,9.08,1.23,1.50,5,14,2.0
26689,Crystal Palace,Tottenham,32.0,35.0,33.0,1,0,0.98,1.02,14,11,6,3,7,7,6.95,4.63,1.28,1.39,6,17,2.0
26690,West Ham,Manchester United,48.0,30.0,22.0,2,1,2.99,2.63,12,18,3,5,7,7,21.08,10.29,1.67,1.11,18,13,2.0
26691,Arsenal,Liverpool,26.0,43.0,31.0,2,2,1.09,1.35,9,9,3,4,6,8,8.07,8.27,1.09,1.59,0,11,1.0
26692,Bournemouth,Manchester City,41.0,36.0,23.0,2,1,2.45,2.35,12,19,6,4,6,17,15.05,13.00,1.46,1.31,2,12,2.0
26693,Fulham,Brentford,53.0,18.0,29.0,2,1,1.43,0.74,26,5,12,2,13,2,6.00,12.33,1.88,0.83,8,3,2.0
26694,Newcastle United,Arsenal,31.0,34.0,35.0,1,0,0.86,0.91,9,10,4,1,9,9,13.21,5.24,1.28,1.37,14,0,2.0
26695,Ipswich,Leicester,16.0,63.0,21.0,1,1,1.34,2.34,14,20,2,6,4,10,11.32,10.62,0.69,2.11,9,10,1.0
26696,Liverpool,Brighton,58.0,19.0,23.0,2,1,1.81,1.02,16,13,8,5,10,5,10.46,8.06,1.97,0.79,11,4,2.0
26697,Manchester United,Chelsea,63.0,14.0,23.0,1,1,2.16,1.21,11,12,4,3,4,8,8.15,10.21,2.11,0.66,13,5,1.0
26698,Nottingham Forest,West Ham,92.0,4.0,4.0,3,0,2.35,0.13,19,4,6,2,11,2,14.19,13.07,2.83,0.10,15,18,2.0
26699,Southampton,Everton,8.0,72.0,20.0,1,0,0.54,1.79,9,16,2,5,6,4,9.24,15.00,0.43,2.36,16,7,2.0
26700,Tottenham,Aston Villa,27.0,47.0,26.0,4,1,2.10,2.49,16,12,6,1,11,3,5.44,10.47,1.06,1.68,17,1,2.0
26701,Wolverhampton Wanderers,Crystal Palace,16.0,63.0,21.0,2,2,1.65,2.65,11,19,6,7,6,2,6.10,12.96,0.70,2.09,19,6,1.0
26702,Brentford,Bournemouth,18.0,61.0,21.0,3,2,1.56,2.49,12,15,6,3,14,6,9.00,8.78,0.74,2.04,3,2,2.0
26703,Brighton,Manchester City,44.0,33.0,23.0,2,1,2.87,2.60,10,15,4,6,5,4,13.57,17.47,1.56,1.21,4,12,2.0
26704,Nottingham Forest,Newcastle United,19.0,55.0,26.0,1,3,1.18,1.87,9,17,3,6,4,10,10.70,13.83,0.84,1.90,15,14,0.0
26705,Chelsea,Arsenal,20.0,55.0,25.0,1,1,1.24,1.96,17,13,3,3,6,6,16.50,10.26,0.85,1.91,5,0,1.0
26706,Crystal Palace,Fulham,32.0,45.0,23.0,0,2,1.96,2.25,13,17,5,7,4,7,13.62,6.54,1.19,1.58,6,8,0.0
26707,Liverpool,Aston Villa,62.0,18.0,20.0,2,0,2.68,1.66,14,12,5,2,7,4,8.62,17.68,2.07,0.73,11,1,2.0
26708,Manchester United,Leicester,60.0,11.0,29.0,3,0,1.24,0.42,13,6,3,5,2,5,10.14,14.60,2.09,0.62,13,10,2.0
26709,Tottenham,Ipswich,25.0,49.0,26.0,1,2,1.75,2.18,17,8,5,3,10,6,6.63,9.35,1.01,1.73,17,9,0.0
26710,West Ham,Everton,43.0,26.0,31.0,0,0,1.12,0.87,11,18,6,4,8,7,10.14,11.11,1.60,1.10,18,7,1.0
26711,Wolverhampton Wanderers,Southampton,37.0,27.0,36.0,2,0,0.91,0.79,8,9,4,0,7,6,25.44,5.81,1.46,1.18,19,16,2.0
26712,Bournemouth,Brighton,52.0,22.0,26.0,1,2,1.91,1.23,18,6,5,4,11,5,7.42,13.00,1.83,0.91,2,4,0.0
26713,Newcastle United,West Ham,52.0,21.0,27.0,0,2,1.50,0.94,18,15,2,6,6,5,9.45,14.11,1.84,0.90,14,18,0.0
26714,Arsenal,Nottingham Forest,72.0,7.0,21.0,3,0,1.66,0.40,19,7,7,0,19,0,10.53,21.65,2.36,0.42,0,15,2.0
26715,Everton,Brentford,41.0,31.0,28.0,0,0,1.60,1.34,27,9,5,2,8,1,14.87,7.96,1.50,1.22,7,3,1.0
26716,Aston Villa,Crystal Palace,72.0,12.0,16.0,2,2,3.04,1.61,17,13,5,6,11,2,7.40,15.82,2.32,0.51,1,6,1.0
26717,Fulham,Wolverhampton Wanderers,17.0,53.0,30.0,1,4,0.72,1.34,10,10,3,5,6,8,6.61,14.37,0.82,1.88,8,19,0.0
26718,Ipswich,Manchester United,57.0,19.0,24.0,1,1,1.99,1.27,11,11,6,4,4,5,21.14,12.00,1.96,0.80,9,13,1.0
26719,Leicester,Chelsea,7.5,85.0,7.5,1,2,0.97,2.82,4,16,1,7,3,13,13.29,8.35,0.22,2.66,10,5,0.0
26720,Manchester City,Tottenham,17.0,66.0,17.0,0,4,2.16,3.30,23,9,5,7,14,8,6.62,28.30,0.68,2.14,12,17,0.0
26721,Southampton,Liverpool,7.0,77.0,16.0,2,3,1.54,3.19,7,27,5,11,6,13,24.00,8.29,0.38,2.47,16,11,0.0
26722,Brentford,Leicester,71.0,9.0,20.0,4,1,2.22,0.91,13,7,6,3,7,3,7.61,14.42,2.32,0.48,3,10,2.0
26723,Brighton,Southampton,61.0,16.0,23.0,1,1,1.87,0.93,22,10,5,2,16,4,8.59,12.05,2.05,0.72,4,16,1.0
26724,Chelsea,Aston Villa,64.0,14.0,22.0,3,0,1.95,0.88,17,10,8,4,4,4,8.10,39.60,2.15,0.63,5,1,2.0
26725,Crystal Palace,Newcastle United,94.0,3.0,3.0,1,1,2.30,0.02,16,1,4,0,11,2,8.85,9.50,2.88,0.06,6,14,1.0
26726,Liverpool,Manchester City,96.0,2.0,2.0,2,0,3.70,0.75,18,8,7,2,8,4,17.35,15.69,2.90,0.06,11,12,2.0
26727,Manchester United,Everton,65.0,12.0,23.0,4,0,1.76,0.77,11,8,5,2,10,3,11.46,17.07,2.17,0.60,13,7,2.0
26728,Nottingham Forest,Ipswich,76.0,6.0,18.0,1,0,1.77,0.46,12,7,5,3,3,5,12.88,7.72,2.47,0.35,15,9,2.0
26729,Tottenham,Fulham,21.0,51.0,28.0,1,1,1.01,1.57,8,14,3,6,7,7,19.31,11.35,0.91,1.81,17,8,1.0
26730,West Ham,Arsenal,4.0,92.0,4.0,2,5,1.24,4.00,12,16,5,7,3,6,13.83,12.00,0.13,2.81,18,0,0.0
26731,Wolverhampton Wanderers,Bournemouth,5.0,90.0,5.0,2,4,0.87,3.08,10,12,3,8,8,4,11.31,10.74,0.16,2.77,19,2,0.0
26732,Bournemouth,Tottenham,91.0,4.5,4.5,1,0,3.28,0.62,21,12,8,4,10,11,7.06,3.59,2.80,0.13,2,17,2.0
26733,Arsenal,Manchester United,97.0,1.5,1.5,2,0,2.97,0.26,14,5,6,2,8,1,11.80,19.40,2.94,0.03,0,13,2.0
26734,Aston Villa,Brentford,83.0,8.5,8.5,3,1,3.22,1.13,20,9,10,1,11,5,11.11,7.26,2.60,0.28,1,3,2.0
26735,Everton,Wolverhampton Wanderers,53.0,18.0,29.0,4,0,1.50,0.85,13,6,4,2,7,4,10.18,7.71,1.89,0.82,7,19,2.0
26736,Fulham,Brighton,20.0,47.0,33.0,3,1,0.67,1.10,6,13,2,3,3,2,18.71,13.65,0.93,1.74,8,4,2.0
26737,Ipswich,Crystal Palace,8.0,70.0,22.0,0,1,0.47,1.65,9,13,2,3,2,6,10.96,13.57,0.46,2.32,9,6,0.0
26738,Leicester,West Ham,39.0,41.0,20.0,3,1,2.78,2.88,8,31,6,10,4,14,10.07,12.78,1.36,1.44,10,18,2.0
26739,Manchester City,Nottingham Forest,88.0,6.0,6.0,3,0,3.20,0.80,17,12,7,3,10,7,7.87,10.70,2.74,0.18,12,15,2.0
26740,Newcastle United,Liverpool,23.0,55.0,22.0,3,3,1.52,2.23,17,16,6,5,3,9,13.59,8.15,0.91,1.87,14,11,1.0
26741,Southampton,Chelsea,1.5,97.0,1.5,1,5,1.91,5.83,6,26,4,13,6,18,33.38,11.07,0.05,2.92,16,5,0.0
26742,Aston Villa,Southampton,89.0,5.5,5.5,1,0,2.51,0.39,18,4,5,0,13,7,7.89,8.85,2.75,0.16,1,16,2.0
26743,Brentford,Newcastle United,33.0,43.0,24.0,4,2,1.75,1.96,11,16,8,3,6,9,10.76,12.13,1.22,1.54,3,14,2.0
26744,Manchester United,Nottingham Forest,61.0,13.0,26.0,2,3,1.47,0.65,17,11,7,3,7,4,3.21,26.38,2.08,0.66,13,15,0.0
26745,Tottenham,Chelsea,53.0,26.0,21.0,3,4,3.25,2.57,13,17,5,8,8,16,9.86,7.96,1.81,0.98,17,5,0.0
26746,West Ham,Wolverhampton Wanderers,29.0,44.0,27.0,2,1,1.20,1.48,19,19,4,5,7,6,9.04,8.04,1.15,1.58,18,19,2.0
26747,Crystal Palace,Manchester City,27.0,47.0,26.0,2,2,1.21,1.58,12,12,3,4,6,16,38.80,8.23,1.06,1.67,6,12,1.0
26748,Everton,Liverpool,31.0,34.0,35.0,2,2,0.91,0.93,10,6,3,4,2,2,17.72,4.56,1.28,1.37,7,11,1.0
26749,Fulham,Arsenal,1.5,97.0,1.5,1,1,0.15,2.43,2,12,2,4,0,12,24.36,8.68,0.03,2.94,8,0,1.0
26750,Ipswich,Bournemouth,9.0,82.0,9.0,1,2,1.57,3.49,18,22,5,6,12,12,9.40,5.13,0.30,2.59,9,2,0.0
26751,Leicester,Brighton,45.0,26.0,29.0,2,2,1.42,1.12,10,16,3,7,3,5,14.50,12.42,1.64,1.07,10,4,1.0
26752,Liverpool,Fulham,58.0,19.0,23.0,2,2,2.10,1.29,16,12,4,3,8,6,7.70,38.75,1.97,0.80,11,8,1.0
26753,Manchester City,Manchester United,6.0,78.0,16.0,1,2,0.64,2.05,10,10,3,3,4,5,16.94,7.93,0.34,2.50,12,13,0.0
26754,Bournemouth,West Ham,42.0,33.0,25.0,1,1,2.05,1.82,29,16,9,3,10,6,11.47,10.89,1.51,1.25,2,18,1.0
26755,Arsenal,Everton,72.0,3.0,25.0,0,0,1.31,0.13,13,2,5,0,12,2,5.05,19.78,2.42,0.34,0,7,1.0
26756,Brighton,Crystal Palace,11.5,77.0,11.5,1,3,1.32,3.01,17,13,5,5,9,6,4.76,14.14,0.40,2.46,4,6,0.0
26757,Chelsea,Brentford,59.0,20.0,21.0,2,1,2.59,1.66,26,9,8,4,13,6,8.76,14.63,1.97,0.82,5,3,2.0
26758,Wolverhampton Wanderers,Ipswich,22.0,52.0,26.0,1,2,1.24,1.73,16,10,6,5,11,4,11.61,12.36,0.93,1.81,19,9,0.0
26759,Southampton,Tottenham,4.5,91.0,4.5,0,5,1.27,3.89,9,18,3,9,2,10,17.48,10.67,0.14,2.79,16,17,0.0
26760,Newcastle United,Leicester,99.0,0.5,0.5,4,0,3.95,0.19,27,4,11,1,21,3,11.37,14.83,2.98,0.01,14,10,2.0
26761,Nottingham Forest,Aston Villa,86.0,7.0,7.0,2,1,2.29,0.39,17,8,6,2,5,7,17.31,16.93,2.69,0.20,15,1,2.0
26762,Aston Villa,Manchester City,63.0,16.0,21.0,2,1,2.06,1.10,11,12,6,6,7,4,18.36,19.60,2.09,0.69,1,12,2.0
26763,Fulham,Southampton,64.0,7.0,29.0,0,0,1.25,0.28,16,5,5,1,8,3,18.33,11.65,2.21,0.50,8,16,1.0
26764,Everton,Chelsea,20.0,48.0,32.0,0,0,1.07,1.52,5,12,4,5,0,2,14.43,4.78,0.92,1.77,7,5,1.0
26765,Crystal Palace,Arsenal,9.0,75.0,16.0,1,5,1.61,3.05,15,14,6,6,3,6,17.30,12.83,0.43,2.42,6,0,0.0
26766,Brentford,Nottingham Forest,27.0,39.0,34.0,0,2,0.77,0.96,7,10,3,6,11,6,4.86,15.22,1.15,1.50,3,15,0.0
26767,West Ham,Brighton,31.0,40.0,29.0,1,1,1.23,1.34,11,12,4,6,6,13,9.48,6.19,1.22,1.49,18,4,1.0
26768,Tottenham,Liverpool,1.0,98.0,1.0,3,6,1.20,5.20,9,24,5,12,8,14,21.54,11.55,0.03,2.95,17,11,0.0
26769,Manchester United,Bournemouth,48.0,27.0,25.0,0,3,2.29,1.83,23,10,7,5,14,3,7.35,9.23,1.68,1.06,13,2,0.0
26770,Leicester,Wolverhampton Wanderers,23.0,45.0,32.0,0,3,0.79,1.14,9,8,5,4,3,3,11.85,14.59,1.02,1.66,10,19,0.0
26771,Ipswich,Newcastle United,8.0,84.0,8.0,0,4,1.06,3.23,10,15,2,7,0,14,17.78,12.26,0.26,2.64,9,14,0.0
26772,Bournemouth,Crystal Palace,55.0,15.0,30.0,0,0,1.20,0.50,18,10,4,4,10,8,6.41,11.84,1.94,0.75,2,6,1.0
26773,Arsenal,Ipswich,92.0,4.0,4.0,1,0,2.16,0.08,13,3,5,0,12,0,6.43,19.41,2.84,0.09,0,9,2.0
26774,Brighton,Brentford,45.0,26.0,29.0,0,0,1.34,0.96,24,8,7,3,21,5,8.35,12.63,1.63,1.07,4,3,1.0
26775,Chelsea,Fulham,30.0,43.0,27.0,1,2,1.56,1.78,12,14,8,7,6,4,16.87,17.88,1.18,1.56,5,8,0.0
26776,Liverpool,Leicester,83.0,8.5,8.5,3,1,1.90,0.22,19,4,7,1,26,0,5.48,78.00,2.64,0.22,11,10,2.0
26777,Manchester City,Everton,83.0,8.5,8.5,1,1,2.52,0.65,24,8,5,3,18,1,10.67,28.09,2.61,0.26,12,7,1.0
26778,Newcastle United,Aston Villa,94.0,3.0,3.0,3,0,2.83,0.23,22,4,8,1,20,2,6.11,21.71,2.88,0.07,14,1,2.0
26779,Nottingham Forest,Tottenham,42.0,27.0,31.0,1,0,1.30,1.06,10,13,3,4,5,9,23.15,5.40,1.58,1.12,15,17,2.0
26780,Southampton,West Ham,44.0,31.0,25.0,0,1,2.20,1.90,18,16,5,2,9,6,7.97,18.86,1.58,1.17,16,18,0.0
26781,Wolverhampton Wanderers,Manchester United,52.0,12.0,36.0,2,0,0.83,0.36,7,11,4,4,4,2,10.52,7.47,1.92,0.72,19,13,2.0
26782,Aston Villa,Brighton,63.0,14.0,23.0,2,2,1.88,0.94,20,13,4,4,13,6,9.95,8.59,2.12,0.65,1,4,1.0
26783,Brentford,Arsenal,6.0,88.0,6.0,1,3,0.27,2.00,5,14,2,5,2,17,17.73,17.41,0.15,2.75,3,0,0.0
26784,Crystal Palace,Southampton,81.0,9.5,9.5,2,1,3.05,1.22,19,7,10,3,10,1,7.03,5.66,2.56,0.30,6,16,2.0
26785,Everton,Nottingham Forest,7.0,76.0,17.0,0,2,0.62,2.03,13,11,2,7,8,7,8.19,17.00,0.38,2.45,7,15,0.0
26786,Fulham,Bournemouth,19.0,56.0,25.0,2,2,0.96,1.71,11,16,6,9,5,10,11.94,10.42,0.82,1.94,8,2,1.0
26787,Ipswich,Chelsea,33.0,39.0,28.0,2,0,1.50,1.61,9,20,6,5,4,18,22.94,7.56,1.26,1.46,9,5,2.0
26788,Leicester,Manchester City,44.0,30.0,26.0,0,2,1.84,1.58,11,14,4,5,5,9,15.32,27.64,1.58,1.15,10,12,0.0
26789,Manchester United,Newcastle United,12.0,69.0,19.0,0,2,1.00,2.24,10,12,1,4,6,5,9.83,19.44,0.55,2.26,13,14,0.0
26790,Tottenham,Wolverhampton Wanderers,80.0,5.0,15.0,2,2,2.28,0.64,13,11,3,3,6,6,11.68,10.90,2.56,0.30,17,19,1.0
26791,West Ham,Liverpool,3.5,93.0,3.5,0,5,0.52,3.30,7,22,0,13,3,16,14.16,10.04,0.10,2.85,18,11,0.0
26792,Bournemouth,Everton,88.0,6.0,6.0,1,0,2.62,0.56,19,9,8,0,14,1,3.96,10.72,2.74,0.17,2,7,2.0
26793,Aston Villa,Leicester,80.0,4.0,16.0,2,1,2.35,0.82,13,4,5,2,9,3,9.03,20.84,2.56,0.28,1,10,2.0
26794,Brighton,Arsenal,36.0,36.0,28.0,1,1,1.77,1.81,11,9,4,3,4,8,14.77,10.83,1.36,1.36,4,0,1.0
26795,Crystal Palace,Chelsea,30.0,43.0,27.0,1,1,1.28,1.52,13,15,6,1,6,16,19.29,9.27,1.17,1.55,6,5,1.0
26796,Fulham,Ipswich,70.0,10.0,20.0,2,2,2.65,1.44,15,7,4,3,5,2,8.19,13.75,2.29,0.51,8,9,1.0
26797,Liverpool,Manchester United,66.0,15.0,19.0,2,2,2.86,1.67,19,13,6,4,7,7,8.87,7.56,2.16,0.65,11,13,1.0
26798,Manchester City,West Ham,50.0,26.0,24.0,4,1,1.98,1.53,10,17,7,4,9,7,14.68,11.78,1.73,1.03,12,18,2.0
26799,Southampton,Brentford,0.0,100.0,0.0,0,5,0.25,5.55,8,20,1,11,9,15,12.89,11.09,0.00,3.00,16,3,0.0
26800,Tottenham,Newcastle United,9.0,74.0,17.0,1,2,1.00,2.43,13,14,4,4,15,9,5.81,7.73,0.44,2.39,17,14,0.0
26801,Wolverhampton Wanderers,Nottingham Forest,21.0,54.0,25.0,0,3,1.90,2.57,13,11,6,3,12,11,9.55,18.20,0.88,1.88,19,15,0.0
26802,Arsenal,Tottenham,74.0,9.0,17.0,2,1,2.26,0.78,14,10,4,2,11,0,6.14,21.44,2.39,0.43,0,17,2.0
26803,Brentford,Manchester City,34.0,45.0,21.0,2,2,2.39,2.65,18,21,6,8,14,15,14.21,20.18,1.24,1.55,3,12,1.0
26804,Everton,Aston Villa,34.0,36.0,30.0,0,1,1.23,1.29,10,11,3,3,4,5,9.68,14.60,1.32,1.39,7,1,0.0
26805,Ipswich,Brighton,8.0,59.0,33.0,0,2,0.27,1.06,5,11,3,5,1,9,11.57,10.54,0.57,2.09,9,4,0.0
26806,Leicester,Crystal Palace,33.0,43.0,24.0,0,2,2.10,2.26,21,9,4,4,7,7,12.27,15.48,1.24,1.52,10,6,0.0
26807,Nottingham Forest,Liverpool,6.0,88.0,6.0,1,1,0.53,2.72,6,23,3,7,2,18,21.55,6.38,0.17,2.74,15,11,1.0
26808,West Ham,Fulham,8.0,84.0,8.0,3,2,0.94,2.84,4,21,3,5,2,9,17.29,8.66,0.26,2.62,18,8,2.0
26809,Chelsea,Bournemouth,73.0,9.0,18.0,2,2,2.54,1.15,26,7,10,3,12,8,9.42,8.92,2.37,0.45,5,2,1.0
26810,Newcastle United,Wolverhampton Wanderers,54.0,24.0,22.0,3,0,2.13,1.47,17,13,5,7,10,8,5.59,14.83,1.83,0.94,14,19,2.0
26811,Manchester United,Southampton,75.0,10.0,15.0,3,1,3.11,1.37,23,13,9,5,15,1,12.41,12.82,2.41,0.45,13,16,2.0
26812,Arsenal,Aston Villa,47.0,25.0,28.0,2,2,1.64,1.21,17,8,5,4,8,1,6.82,15.00,1.68,1.04,0,1,1.0
26813,Brentford,Liverpool,4.5,91.0,4.5,0,2,1.20,4.16,11,37,6,8,8,23,16.90,8.16,0.14,2.80,3,11,0.0
26814,Chelsea,Wolverhampton Wanderers,88.0,6.0,6.0,3,1,3.15,1.07,19,9,7,4,10,10,13.23,16.05,2.72,0.18,5,19,2.0
26815,Everton,Tottenham,67.0,14.0,19.0,3,2,2.56,1.36,12,11,6,6,6,8,12.04,9.00,2.20,0.61,7,17,2.0
26816,Ipswich,Manchester City,5.5,89.0,5.5,0,6,0.80,3.20,8,17,4,9,3,17,39.80,8.87,0.17,2.74,9,12,0.0
26817,Leicester,Fulham,8.5,83.0,8.5,0,2,0.68,2.37,8,17,4,2,2,10,19.00,9.81,0.25,2.61,10,8,0.0
26818,Manchester United,Brighton,15.0,62.0,23.0,1,3,1.32,2.17,10,6,1,3,8,6,8.87,18.86,0.67,2.09,13,4,0.0
26819,Newcastle United,Bournemouth,10.0,80.0,10.0,1,4,0.84,2.70,13,19,5,10,12,8,7.94,6.15,0.34,2.52,14,2,0.0
26820,Nottingham Forest,Southampton,70.0,8.0,22.0,3,2,2.36,1.26,14,10,5,4,9,2,12.84,9.82,2.32,0.47,15,16,2.0
26821,West Ham,Crystal Palace,2.0,82.0,16.0,0,2,0.22,1.63,7,12,0,7,4,5,13.85,12.74,0.22,2.62,18,6,0.0
26822,Bournemouth,Nottingham Forest,81.0,9.5,9.5,5,0,2.83,1.00,16,18,10,4,6,12,7.67,7.65,2.56,0.32,2,15,2.0
26823,Aston Villa,West Ham,17.0,59.0,24.0,1,1,0.91,1.68,14,14,4,4,7,5,8.68,6.32,0.76,2.00,1,18,1.0
26824,Brighton,Everton,20.0,43.0,37.0,0,1,0.64,0.87,16,3,1,1,9,2,6.69,16.68,0.97,1.66,4,7,0.0
26825,Crystal Palace,Brentford,17.0,56.0,27.0,1,2,1.23,1.92,16,13,5,6,9,11,15.45,8.50,0.78,1.96,6,3,0.0
26826,Fulham,Manchester United,38.0,11.0,51.0,0,1,0.56,0.20,9,4,3,1,3,5,30.80,16.06,1.65,0.84,8,13,0.0
26827,Liverpool,Ipswich,75.0,6.0,19.0,4,1,2.17,0.80,16,3,6,3,15,2,6.55,11.72,2.44,0.37,11,9,2.0
26828,Manchester City,Chelsea,56.0,21.0,23.0,3,1,2.23,1.50,15,10,6,4,3,5,15.53,22.71,1.91,0.87,12,5,2.0
26829,Southampton,Newcastle United,6.5,87.0,6.5,1,3,0.83,3.08,12,17,5,9,2,11,13.56,11.18,0.19,2.71,16,14,0.0
26830,Tottenham,Leicester,28.0,37.0,35.0,1,2,1.27,1.40,14,12,6,3,5,5,11.40,11.26,1.19,1.46,17,10,0.0
26831,Wolverhampton Wanderers,Arsenal,20.0,44.0,36.0,0,1,0.51,0.89,9,9,4,3,0,2,6.74,7.73,0.95,1.69,19,0,0.0
26832,Bournemouth,Liverpool,17.0,64.0,19.0,0,2,1.65,2.72,14,19,3,7,5,11,8.19,8.64,0.70,2.10,2,11,0.0
26833,Arsenal,Manchester City,58.0,15.0,27.0,5,1,1.53,0.74,12,7,7,4,6,7,14.47,17.77,2.02,0.72,0,12,2.0
26834,Brentford,Tottenham,56.0,19.0,25.0,0,2,1.66,0.95,20,13,4,2,8,4,12.33,9.08,1.92,0.83,3,17,0.0
26835,Chelsea,West Ham,41.0,31.0,28.0,2,1,1.39,1.19,22,14,3,5,6,8,6.27,30.50,1.51,1.21,5,18,2.0
26836,Everton,Leicester,93.0,3.5,3.5,4,0,3.11,0.45,13,9,7,1,14,4,17.94,12.04,2.85,0.10,7,10,2.0
26837,Ipswich,Southampton,58.0,17.0,25.0,1,2,1.95,1.18,15,9,6,4,5,1,9.04,10.31,1.99,0.75,9,16,0.0
26838,Manchester United,Crystal Palace,16.0,64.0,20.0,0,2,1.51,2.45,17,11,2,3,18,6,5.57,13.48,0.67,2.12,13,6,0.0
26839,Newcastle United,Fulham,26.0,46.0,28.0,1,2,1.23,1.61,11,15,4,4,10,5,13.69,11.74,1.05,1.67,14,8,0.0
26840,Nottingham Forest,Brighton,97.0,1.5,1.5,7,0,4.07,0.76,14,10,9,5,7,8,19.94,6.29,2.93,0.04,15,4,2.0
26841,Wolverhampton Wanderers,Aston Villa,72.0,9.0,19.0,2,0,2.00,0.74,8,10,5,3,2,4,12.25,11.50,2.35,0.45,19,1,2.0
26842,Aston Villa,Ipswich,93.0,3.5,3.5,1,1,2.90,0.33,25,4,6,3,19,0,7.67,13.21,2.85,0.09,1,9,1.0
26843,Brighton,Chelsea,76.0,7.0,17.0,3,0,2.07,0.65,13,8,5,0,7,9,17.07,6.19,2.44,0.39,4,5,2.0
26844,Crystal Palace,Everton,70.0,11.0,19.0,1,2,2.31,1.02,17,11,6,6,9,4,9.65,10.70,2.29,0.53,6,7,0.0
26845,Fulham,Nottingham Forest,84.0,8.0,8.0,2,1,2.21,0.33,24,8,10,2,6,4,13.94,25.36,2.65,0.23,8,15,2.0
26846,Leicester,Arsenal,3.0,82.0,15.0,0,2,0.23,1.75,6,11,2,5,3,10,10.46,6.00,0.24,2.61,10,0,0.0
26847,Liverpool,Wolverhampton Wanderers,61.0,15.0,24.0,2,1,1.87,1.05,10,16,3,4,7,7,11.45,9.25,2.07,0.69,11,19,2.0
26848,Manchester City,Newcastle United,90.0,5.0,5.0,4,0,2.12,0.16,11,3,7,1,4,1,15.50,10.90,2.78,0.13,12,14,2.0
26849,Southampton,Bournemouth,11.0,69.0,20.0,1,3,0.97,2.09,11,14,4,7,7,3,8.72,7.23,0.53,2.27,16,2,0.0
26850,Tottenham,Manchester United,51.0,25.0,24.0,1,0,1.97,1.43,22,16,7,6,15,8,9.64,11.50,1.78,0.98,17,13,2.0
26851,West Ham,Brentford,9.0,72.0,19.0,0,1,0.67,1.96,13,14,3,5,8,9,10.05,8.81,0.47,2.34,18,3,0.0
26852,Bournemouth,Wolverhampton Wanderers,6.0,77.0,17.0,0,1,0.63,2.10,8,13,3,5,8,5,8.33,5.39,0.35,2.48,2,19,0.0
26853,Arsenal,West Ham,42.0,26.0,32.0,0,1,1.37,1.03,20,5,2,2,15,1,5.19,13.76,1.58,1.11,0,18,0.0
26854,Aston Villa,Chelsea,51.0,24.0,25.0,2,1,2.69,2.17,12,15,6,7,5,7,9.64,11.72,1.77,0.98,1,5,2.0
26855,Everton,Manchester United,76.0,7.0,17.0,2,2,2.10,0.65,9,9,8,3,6,5,14.04,6.39,2.46,0.37,7,13,1.0
26856,Fulham,Crystal Palace,4.0,76.0,20.0,0,2,0.23,1.46,10,10,0,5,8,5,7.12,17.67,0.32,2.48,8,6,0.0
26857,Ipswich,Tottenham,22.0,49.0,29.0,1,4,1.15,1.59,17,10,5,6,4,7,10.23,9.00,0.96,1.76,9,17,0.0
26858,Leicester,Brentford,9.0,71.0,20.0,0,4,0.73,2.03,8,14,3,6,9,8,18.92,10.76,0.47,2.34,10,3,0.0
26859,Manchester City,Liverpool,23.0,39.0,38.0,0,2,0.58,0.81,16,8,5,4,9,7,18.91,21.20,1.07,1.56,12,11,0.0
26860,Newcastle United,Nottingham Forest,64.0,16.0,20.0,4,3,3.46,2.39,13,17,5,5,5,7,6.75,10.96,2.11,0.69,14,15,2.0
26861,Southampton,Brighton,0.0,100.0,0.0,0,4,0.15,5.12,6,18,1,12,1,6,9.85,9.78,0.00,3.00,16,4,0.0
26862,Brentford,Everton,31.0,36.0,33.0,1,1,1.34,1.45,12,14,3,4,6,4,13.63,31.88,1.25,1.42,3,7,1.0
26863,Brighton,Bournemouth,59.0,19.0,22.0,2,1,2.58,1.70,11,19,4,5,7,8,11.62,4.59,1.99,0.79,4,2,2.0
26864,Nottingham Forest,Arsenal,12.0,59.0,29.0,0,0,0.51,1.32,6,13,2,1,4,7,13.12,5.35,0.65,2.06,15,0,1.0
26865,Tottenham,Manchester City,14.0,66.0,20.0,0,1,1.28,2.39,11,12,6,5,5,11,10.46,13.42,0.63,2.17,17,12,0.0
26866,West Ham,Leicester,84.0,8.0,8.0,2,0,1.70,0.29,8,10,2,2,6,0,14.47,20.11,2.66,0.21,18,10,2.0
26867,Wolverhampton Wanderers,Fulham,23.0,51.0,26.0,1,2,0.93,1.43,18,11,5,5,2,4,13.41,13.08,0.96,1.78,19,8,0.0
26868,Crystal Palace,Aston Villa,98.0,1.0,1.0,4,1,4.03,0.67,19,6,6,2,9,1,6.43,5.71,2.97,0.02,6,1,2.0
26869,Chelsea,Southampton,84.0,8.0,8.0,4,0,2.98,0.85,19,7,10,2,18,4,13.75,21.87,2.63,0.25,5,16,2.0
26870,Liverpool,Newcastle United,63.0,10.0,27.0,2,0,1.40,0.46,12,3,3,0,8,3,6.78,19.50,2.17,0.56,11,14,2.0
26871,Manchester United,Ipswich,46.0,20.0,34.0,3,2,1.40,1.04,10,12,6,3,4,8,15.46,8.71,1.71,0.95,13,9,2.0
26872,Brentford,Aston Villa,16.0,54.0,30.0,0,1,0.64,1.30,13,12,3,4,10,5,5.78,20.25,0.79,1.92,3,1,0.0
26873,Brighton,Fulham,73.0,7.0,20.0,2,1,1.94,0.71,9,6,4,1,11,1,9.00,22.15,2.40,0.40,4,8,2.0
26874,Chelsea,Leicester,89.0,5.5,5.5,1,0,1.77,0.11,20,3,7,3,16,1,12.52,10.96,2.76,0.13,5,10,2.0
26875,Crystal Palace,Ipswich,72.0,11.0,17.0,1,0,3.14,1.63,19,15,4,8,1,1,5.87,16.00,2.33,0.50,6,9,2.0
26876,Liverpool,Southampton,99.0,0.5,0.5,3,1,4.99,0.51,28,6,7,4,19,0,4.82,19.83,2.98,0.01,11,16,2.0
26877,Manchester United,Arsenal,25.0,50.0,25.0,1,1,1.31,1.83,10,17,6,6,9,9,16.00,8.12,1.00,1.75,13,0,1.0
26878,Nottingham Forest,Manchester City,22.0,37.0,41.0,1,0,0.50,0.72,9,14,4,3,3,6,13.87,7.63,1.08,1.51,15,12,2.0
26879,Tottenham,Bournemouth,17.0,60.0,23.0,2,2,1.35,2.23,12,17,4,8,5,7,6.88,7.86,0.74,2.02,17,2,1.0
26880,West Ham,Newcastle United,13.0,60.0,27.0,0,1,0.82,1.63,9,9,2,3,0,10,12.00,11.95,0.67,2.06,18,14,0.0
26881,Wolverhampton Wanderers,Everton,19.0,52.0,29.0,1,1,0.81,1.37,11,12,3,4,7,3,9.26,10.26,0.87,1.84,19,7,1.0
26882,Bournemouth,Brentford,47.0,28.0,25.0,1,2,2.03,1.60,17,10,5,4,17,8,7.29,7.80,1.67,1.08,2,3,0.0
26883,Arsenal,Chelsea,41.0,14.0,45.0,1,0,0.70,0.29,12,8,4,2,6,0,13.89,11.59,1.69,0.86,0,5,2.0
26884,Aston Villa,Liverpool,15.0,63.0,22.0,2,2,1.02,2.04,9,17,4,3,13,17,11.50,13.28,0.66,2.12,1,11,1.0
26885,Everton,West Ham,56.0,14.0,30.0,1,1,1.19,0.52,13,9,5,4,5,7,8.92,25.00,1.98,0.72,7,18,1.0
26886,Fulham,Tottenham,25.0,47.0,28.0,2,0,1.04,1.41,13,12,4,4,9,7,8.75,10.04,1.03,1.69,8,17,2.0
26887,Ipswich,Nottingham Forest,13.0,59.0,28.0,2,4,0.52,1.31,11,11,4,6,1,7,21.43,11.50,0.66,2.06,9,15,0.0
26888,Leicester,Manchester United,40.0,31.0,29.0,0,3,1.30,1.14,11,18,3,5,6,2,10.54,14.95,1.49,1.22,10,13,0.0
26889,Manchester City,Brighton,35.0,40.0,25.0,2,2,2.03,2.11,11,15,3,3,6,8,10.65,18.20,1.31,1.44,12,4,1.0
26890,Newcastle United,Crystal Palace,36.0,40.0,24.0,5,0,2.33,2.38,14,11,7,4,9,9,13.58,16.14,1.32,1.44,14,6,2.0
26891,Southampton,Wolverhampton Wanderers,59.0,13.0,28.0,1,2,1.28,0.54,10,5,3,3,6,3,11.45,12.36,2.05,0.67,16,19,0.0
26892,Arsenal,Fulham,59.0,16.0,25.0,2,1,2.30,1.44,17,9,4,3,11,2,16.80,20.29,2.02,0.73,0,8,2.0
26893,Brighton,Aston Villa,15.0,55.0,30.0,0,3,0.56,1.21,11,8,4,5,12,4,7.50,12.50,0.75,1.96,4,1,0.0
26894,Nottingham Forest,Manchester United,8.0,73.0,19.0,1,0,0.51,1.87,8,23,2,6,5,13,21.71,4.50,0.42,2.39,15,13,2.0
26895,Wolverhampton Wanderers,West Ham,20.0,54.0,26.0,1,0,1.10,1.73,9,10,2,1,6,5,14.00,8.07,0.85,1.88,19,18,2.0
26896,Bournemouth,Ipswich,53.0,22.0,25.0,1,2,2.00,1.41,24,10,7,2,7,6,5.23,15.67,1.84,0.91,2,9,0.0
26897,Chelsea,Tottenham,32.0,38.0,30.0,1,0,1.30,1.40,11,8,5,2,6,9,12.71,11.78,1.26,1.44,5,17,2.0
26898,Manchester City,Leicester,88.0,6.0,6.0,2,0,2.07,0.10,18,2,5,0,18,1,8.55,35.00,2.74,0.15,12,10,2.0
26899,Newcastle United,Brentford,55.0,21.0,24.0,2,1,2.27,1.53,21,12,4,3,7,7,9.91,7.72,1.88,0.88,14,3,2.0
26900,Southampton,Crystal Palace,24.0,41.0,35.0,1,1,0.69,0.94,8,9,2,3,3,8,12.00,15.64,1.07,1.58,16,6,1.0
26901,Liverpool,Everton,48.0,22.0,30.0,1,0,1.30,0.82,17,5,3,0,10,3,4.32,16.71,1.74,0.96,11,7,2.0
26902,Aston Villa,Nottingham Forest,77.0,11.5,11.5,2,1,2.63,0.97,17,19,8,3,7,4,9.95,10.52,2.46,0.40,1,15,2.0
26903,Brentford,Chelsea,34.0,38.0,28.0,0,0,1.36,1.48,9,21,2,5,9,9,13.00,8.73,1.30,1.42,3,5,1.0
26904,Crystal Palace,Brighton,10.0,63.0,27.0,2,1,0.44,1.27,8,11,3,5,1,7,16.11,7.79,0.58,2.16,6,4,2.0
26905,Everton,Arsenal,32.0,38.0,30.0,1,1,1.23,1.40,5,14,2,5,3,7,11.79,3.55,1.26,1.44,7,0,1.0
26906,Fulham,Liverpool,46.0,28.0,26.0,3,2,1.73,1.41,12,14,6,6,6,8,21.73,6.43,1.63,1.11,8,11,2.0
26907,Ipswich,Wolverhampton Wanderers,8.0,84.0,8.0,1,2,0.87,2.81,6,22,2,7,5,8,12.56,8.70,0.23,2.65,9,19,0.0
26908,Leicester,Newcastle United,1.0,98.0,1.0,0,3,0.35,3.44,7,16,2,5,6,5,10.42,12.52,0.02,2.96,10,14,0.0
26909,Manchester United,Manchester City,50.0,19.0,31.0,0,0,1.23,0.69,13,9,2,5,11,1,13.52,10.45,1.82,0.87,13,12,1.0
26910,Tottenham,Southampton,83.0,8.5,8.5,3,1,2.65,0.78,13,12,8,4,10,5,7.73,8.76,2.60,0.28,17,16,2.0
26911,West Ham,Bournemouth,10.0,68.0,22.0,2,2,0.91,1.95,9,11,3,4,5,6,8.17,8.25,0.53,2.26,18,2,1.0
26912,Bournemouth,Fulham,58.0,16.0,26.0,1,0,1.86,1.07,12,12,3,7,4,10,11.74,9.61,2.01,0.74,2,8,2.0
26913,Arsenal,Brentford,35.0,25.0,40.0,1,1,0.77,0.59,14,3,3,2,9,6,12.23,10.63,1.45,1.16,0,3,1.0
26914,Brighton,Leicester,76.0,12.0,12.0,2,2,3.70,1.98,21,15,7,6,17,4,8.80,17.71,2.41,0.45,4,10,1.0
26915,Chelsea,Ipswich,68.0,15.0,17.0,2,2,2.91,1.60,34,13,9,4,15,3,4.16,22.82,2.22,0.61,5,9,1.0
26916,Liverpool,West Ham,35.0,38.0,27.0,2,1,1.43,1.47,15,11,6,4,14,6,8.90,17.00,1.32,1.41,11,18,2.0
26917,Manchester City,Crystal Palace,95.0,2.5,2.5,5,2,4.60,1.34,21,7,9,3,10,5,8.92,46.22,2.90,0.07,12,6,2.0
26918,Newcastle United,Manchester United,84.0,8.0,8.0,4,1,2.64,0.79,12,9,6,5,10,3,7.62,11.39,2.64,0.24,14,13,2.0
26919,Wolverhampton Wanderers,Tottenham,52.0,23.0,25.0,4,2,2.23,1.63,13,11,5,4,4,9,15.24,8.04,1.81,0.93,19,17,2.0
26920,Nottingham Forest,Everton,12.0,60.0,28.0,0,1,0.42,1.26,10,13,5,5,1,9,22.10,11.33,0.63,2.09,15,7,0.0
26921,Southampton,Aston Villa,2.5,95.0,2.5,0,3,0.41,3.00,7,25,2,10,1,13,22.91,10.95,0.06,2.90,16,1,0.0
26922,Aston Villa,Newcastle United,78.0,11.0,11.0,4,1,3.05,1.27,23,10,9,3,10,8,11.23,13.88,2.47,0.39,1,14,2.0
26923,Brentford,Brighton,77.0,11.5,11.5,4,2,2.96,1.24,16,12,8,3,14,10,14.33,15.33,2.45,0.41,3,4,2.0
26924,Crystal Palace,Bournemouth,16.0,38.0,46.0,0,0,0.34,0.66,5,15,0,4,4,8,16.06,6.69,0.95,1.60,6,2,1.0
26925,Everton,Manchester City,11.0,67.0,22.0,0,2,0.82,1.88,8,12,2,7,4,11,17.70,10.94,0.55,2.23,7,12,0.0
26926,Fulham,Chelsea,13.0,44.0,43.0,1,2,0.31,0.75,6,13,1,8,2,11,16.32,13.06,0.82,1.75,8,5,0.0
26927,Ipswich,Arsenal,3.0,94.0,3.0,0,4,0.19,2.81,4,24,0,7,2,30,19.87,7.85,0.08,2.87,9,0,0.0
26928,Leicester,Liverpool,0.5,99.0,0.5,0,1,0.23,4.53,5,28,0,10,3,17,14.61,12.58,0.01,2.98,10,11,0.0
26929,Manchester United,Wolverhampton Wanderers,66.0,5.0,29.0,0,1,1.14,0.19,12,4,2,2,9,3,7.90,9.35,2.27,0.44,13,19,0.0
26930,Tottenham,Nottingham Forest,83.0,8.5,8.5,1,2,2.40,0.56,22,4,6,3,5,1,5.48,12.67,2.61,0.25,17,15,0.0
26931,West Ham,Southampton,35.0,33.0,32.0,1,1,0.98,0.92,12,15,4,4,8,9,21.18,14.05,1.37,1.30,18,16,1.0
26932,Bournemouth,Manchester United,9.0,71.0,20.0,1,1,0.61,1.91,8,25,1,6,4,15,10.00,7.29,0.47,2.33,2,13,1.0
26933,Arsenal,Crystal Palace,25.0,51.0,24.0,2,2,1.92,2.51,12,15,6,4,6,7,13.00,30.19,0.98,1.78,0,6,1.0
26934,Brighton,West Ham,36.0,33.0,31.0,3,2,1.29,1.24,16,12,9,4,10,10,9.17,24.00,1.39,1.31,4,18,2.0
26935,Chelsea,Everton,27.0,38.0,35.0,1,0,0.77,0.92,10,6,7,3,2,0,10.58,14.62,1.16,1.50,5,7,2.0
26936,Liverpool,Tottenham,86.0,7.0,7.0,5,1,2.51,0.51,25,8,8,3,13,5,6.00,24.31,2.68,0.20,11,17,2.0
26937,Manchester City,Aston Villa,24.0,50.0,26.0,2,1,1.36,1.86,14,7,6,3,3,3,10.56,17.79,0.98,1.76,12,1,2.0
26938,Newcastle United,Ipswich,100.0,0.0,0.0,3,0,4.12,0.13,25,4,5,0,23,1,5.93,23.70,2.99,0.00,14,9,2.0
26939,Nottingham Forest,Brentford,14.0,61.0,25.0,0,2,0.67,1.52,14,11,5,3,8,5,12.19,12.13,0.68,2.07,15,3,0.0
26940,Southampton,Fulham,15.0,62.0,23.0,1,2,0.94,2.00,7,26,3,5,2,8,16.21,7.42,0.68,2.09,16,8,0.0
26941,Wolverhampton Wanderers,Leicester,77.0,5.0,18.0,3,0,2.58,1.05,20,8,6,2,11,4,19.50,10.78,2.49,0.33,19,10,2.0
26942,Manchester City,Wolverhampton Wanderers,38.0,23.0,39.0,1,0,0.86,0.62,9,6,2,1,11,2,11.95,15.73,1.54,1.07,12,19,2.0
26943,West Ham,Tottenham,44.0,23.0,33.0,1,1,1.15,0.85,11,7,2,2,6,3,5.11,10.24,1.64,1.02,18,17,1.0
26944,Brighton,Newcastle United,11.0,64.0,25.0,1,1,0.69,1.64,5,13,2,5,1,12,13.78,9.55,0.57,2.18,4,14,1.0
26945,Arsenal,Bournemouth,52.0,22.0,26.0,1,2,2.05,1.42,13,9,4,2,10,3,12.78,8.75,1.82,0.93,0,2,0.0
26946,Aston Villa,Fulham,53.0,17.0,30.0,1,0,1.29,0.70,10,11,3,3,5,7,19.91,9.86,1.90,0.81,1,8,2.0
26947,Brentford,Manchester United,89.0,5.5,5.5,4,3,3.59,1.13,12,14,6,5,4,7,10.00,9.04,2.74,0.18,3,13,2.0
26948,Chelsea,Liverpool,83.0,8.5,8.5,3,1,3.52,1.43,17,11,7,2,9,9,20.79,14.40,2.60,0.29,5,11,2.0
26949,Crystal Palace,Nottingham Forest,81.0,9.5,9.5,1,1,2.34,0.64,20,12,3,4,10,5,11.53,9.00,2.58,0.29,6,15,1.0
26950,Everton,Ipswich,23.0,44.0,33.0,2,2,0.81,1.14,8,12,3,5,2,2,10.17,18.00,1.02,1.64,7,9,1.0
26951,Leicester,Southampton,66.0,10.0,24.0,2,0,1.61,0.55,14,8,4,2,2,2,12.48,16.74,2.22,0.54,10,16,2.0
26952,Liverpool,Arsenal,51.0,26.0,23.0,2,2,2.75,2.19,14,15,5,7,10,11,12.05,9.77,1.77,1.01,11,0,1.0
26953,Fulham,Everton,32.0,38.0,30.0,1,3,1.21,1.33,18,11,6,7,15,4,8.05,17.41,1.26,1.44,8,7,0.0
26954,Ipswich,Brentford,18.0,52.0,30.0,0,1,0.72,1.32,11,15,4,5,3,9,23.22,11.14,0.84,1.87,9,3,0.0
26955,Bournemouth,Aston Villa,27.0,34.0,39.0,0,1,1.02,1.12,10,6,4,3,10,1,4.50,12.00,1.21,1.41,2,1,0.0
26956,Manchester United,West Ham,40.0,35.0,25.0,0,2,2.31,2.16,20,9,5,4,9,2,15.86,14.82,1.45,1.31,13,18,0.0
26957,Newcastle United,Chelsea,66.0,11.0,23.0,2,0,1.67,0.65,15,10,6,3,17,6,14.06,9.25,2.21,0.56,14,5,2.0
26958,Nottingham Forest,Leicester,51.0,23.0,26.0,2,2,1.77,1.23,15,10,4,6,3,5,8.38,24.70,1.78,0.95,15,10,1.0
26959,Southampton,Manchester City,2.0,77.0,21.0,0,0,0.14,1.58,2,26,0,5,3,24,17.25,7.36,0.28,2.51,16,12,1.0
26960,Tottenham,Crystal Palace,3.0,94.0,3.0,0,2,0.81,3.99,8,23,1,10,2,10,9.52,9.95,0.09,2.87,17,6,0.0
26961,Wolverhampton Wanderers,Brighton,13.0,58.0,29.0,0,2,0.73,1.41,10,7,3,2,7,5,13.20,11.03,0.68,2.02,19,4,0.0
26962,Arsenal,Newcastle United,14.0,66.0,20.0,1,0,1.16,2.25,12,14,4,5,3,8,11.11,9.37,0.62,2.18,0,14,2.0
26963,Aston Villa,Tottenham,68.0,8.0,24.0,2,0,1.69,0.52,18,3,7,1,19,2,9.50,26.25,2.28,0.49,1,17,2.0
26964,Brentford,Fulham,60.0,17.0,23.0,2,3,2.43,1.62,11,16,6,7,4,6,11.86,15.91,2.03,0.73,3,8,0.0
26965,Brighton,Liverpool,21.0,60.0,19.0,3,2,2.18,3.07,25,18,12,5,20,13,15.45,13.00,0.81,1.99,4,11,2.0
26966,Chelsea,Manchester United,66.0,7.0,27.0,1,0,1.30,0.34,11,5,3,1,5,5,12.38,8.92,2.25,0.49,5,13,2.0
26967,Crystal Palace,Wolverhampton Wanderers,43.0,30.0,27.0,4,2,1.68,1.43,14,12,10,3,12,9,17.71,8.94,1.56,1.18,6,19,2.0
26968,Everton,Southampton,80.0,4.0,16.0,2,0,2.68,1.05,13,6,5,2,11,2,16.62,21.29,2.56,0.29,7,16,2.0
26969,Leicester,Ipswich,20.0,51.0,29.0,2,0,0.79,1.37,9,20,3,2,6,4,9.32,12.71,0.90,1.82,10,9,2.0
26970,Manchester City,Bournemouth,54.0,19.0,27.0,3,1,1.60,0.96,12,8,5,2,8,2,20.82,22.47,1.90,0.83,12,2,2.0
26971,West Ham,Nottingham Forest,11.0,71.0,18.0,1,2,0.85,2.15,16,10,5,5,5,9,6.77,10.96,0.50,2.31,18,15,0.0
26972,Nottingham Forest,Chelsea,42.0,27.0,31.0,0,1,1.58,1.31,10,6,2,2,3,1,11.39,14.12,1.56,1.13,15,5,0.0
26973,Newcastle United,Everton,36.0,32.0,32.0,0,1,1.16,1.07,17,14,6,6,6,1,6.25,17.87,1.40,1.28,14,7,0.0
26974,Manchester United,Aston Villa,94.0,3.0,3.0,2,0,2.96,0.34,25,6,10,1,24,5,5.11,26.91,2.87,0.08,13,1,2.0
26975,Liverpool,Crystal Palace,50.0,24.0,26.0,1,1,1.92,1.41,14,8,3,5,9,3,6.35,25.42,1.75,0.99,11,6,1.0
26976,Tottenham,Brighton,12.0,68.0,20.0,1,4,1.85,3.12,4,23,2,8,3,12,18.06,6.62,0.57,2.24,17,4,0.0
26977,Southampton,Arsenal,9.5,81.0,9.5,1,2,0.60,2.41,7,23,2,8,4,11,17.30,7.36,0.31,2.55,16,0,0.0
26978,Wolverhampton Wanderers,Brentford,18.0,60.0,22.0,1,1,1.11,1.97,18,13,6,7,7,7,13.45,7.44,0.76,2.02,19,3,1.0
26979,Bournemouth,Leicester,94.0,3.0,3.0,2,0,2.72,0.16,20,3,7,0,16,3,4.65,9.28,2.87,0.07,2,10,2.0
26980,Ipswich,West Ham,31.0,35.0,34.0,1,3,0.89,0.97,14,10,4,6,6,7,14.61,8.12,1.26,1.40,9,18,0.0
26981,Fulham,Manchester City,34.0,43.0,23.0,0,2,2.22,2.46,13,20,3,5,5,16,22.15,13.55,1.24,1.52,8,12,0.0
